article_text,posting_time,media_outlet,inferred_actor,strategic_intent,sector,tone,target_country,URL,confidence
"La patronne de la diplomatie sénégalaise Yassine Fall (2è à partir de la gauche) suivie du Président Kagame Le Président rwandais Paul Kagame a reçu Yassine Fall, ministre sénégalaise de l’Intégration africaine et des Affaires étrangères, qui lui a transmis un message au nom du président Bassirou Diomaye Faye. L’information a été diffusée via les pages officielles de la présidence rwandaise mais le contenu de ce message n’a pas été rendu public. Depuis son élection, le Président sénégalais Bassirou Diomaye Faye s’est déjà entretenu au téléphone à deux reprises avec son homologue rwandais. Les deux entretiens téléphoniques avaient porté sur des efforts conjoints déployés en faveur de la paix et de la stabilité dans l’Est de la RDC. La situation dans l’Est de la RDC demeure un sujet de tension majeure, marquée par des affrontements entre forces congolaises et les rebelles du M23 avec en toile de fond des relations tendues entre Kinshasa et Kigali. Le M23 est au cœur des tensions entre Kinshasa et Kigali. La crise est liée à l’offensive initiée en novembre 2021 par les membres du M23, une rébellion que la RDC accuse d’être soutenue par le Rwanda. Alors que Kigali accuse pour sa part Kinshasa de soutenir le groupe paramilitaire FDLR fondé par d’anciens responsables du génocide des Tutsi du Rwanda en 1994. Les FDLR cherchent à reconquérir le pouvoir au Rwanda au départ de la RDC où ils sont basés depuis leur défaite en 1994. Kinshasa et Kigali nient soutenir respectivement les FDLR et le M23. Le Président Bassirou Diomaye Faye a toujours affirmé l’engagement du Sénégal pour la stabilité et la sécurité en Afrique, soulignant l’importance de la diplomatie et du dialogue dans la résolution des crises sur le continent. (Fin)",2025-04-15 22:09:00,Rnanews,Rwanda,Security Dependency,Diplomacy,Factual,Senegal,https://www.rnanews.com/le-president-kagame-a-recu-un-message-de-son-homologue-senegalais/,4
"Les Présidents Bassirou Diomaye Faye (au téléphone), Félix Tshisekedi (en costume) et Kagame (en tenue) Le Président sénégalais Bassirou Diomaye Faye s’est entretenu séparément par téléphone avec les Présidents rwandais Paul Kagame et congolais Félix Tshisekedi sur la situation préoccupante dans l’Est de la RDC. «J’ai eu des entretiens téléphoniques fructueux avec les Présidents Paul Kagame et Félix Tshisekedi sur la situation préoccupante à l’Est de la RDC. J’ai souhaité m’enquérir de la tournure des événements et, avec les deux dirigeants, explorer les voies d’un dialogue franc pour une paix durable dans la région », a dit le Chef de l’Etat sénégalais sur le réseau social X. « Le Sénégal reste engagé pour la stabilité et la sécurité en Afrique et dans le monde », a ajouté le Président Bassirou Diomaye Faye. « J’ai eu une conversation fructueuse avec le président Bassirou Diomaye Faye et nous avons échangé sur l’importance de la collaboration continentale pour une solution durable à la situation sécuritaire dans la région et au-delà », a dit pour sa part le Président Kagame. Sur son compte X(anciennement tweeter), le Président Kagame a poursuivi en disant que « le Rwanda se réjouit de poursuivre la coopération bilatérale avec le Sénégal pour la prospérité partagée de notre peuple. » Le Président sénégalais Bassirou Diomaye Faye a appelé les deux dirigeants pour tenter de mettre fin aux hostilités alors que le groupe armé rebelle M23 poursuit son offensive dans l’est de la République démocratique du Congo. Le mouvement du 23 Mars(M23) a revendiqué le contrôle de la ville de Goma, chef-lieu de la province du Nord-Kivu (Est de la RDC) après cinq jours de combat – entre dimanche (26 janvier) et jeudi (30 janvier). Le M23 est au cœur des tensions entre le Rwanda et la RDC. Le Congo accuse le Rwanda de soutenir le groupe rebelle. Le Rwanda a également accusé la RDC de soutenir le groupe paramilitaire FDLR composé des auteurs du génocide des Tutsi du Rwanda en 1994. Le Congo et le Rwanda nient soutenir respectivement les FDLR et le M23. (Fin)",2025-02-02 00:00:00,Rnanews,Rwanda,Diplomatic Isolation,Diplomacy,Factual,Senegal,https://www.rnanews.com/guerre-dans-lest-de-la-rdc-le-president-senegalais-sest-entretenu-avec-ses-homologues-congolais-et-rwandais/,4
"«Sénégal 2050»: l’exécutif sénégalais présente son ambitieux programme économique Au Sénégal, six mois après leur élection, et à un mois d'élections législatives anticipées, le président Bassirou Diomaye Faye et le Premier ministre Ousmane Sonko ont présenté ce lundi 14 octobre leur programme pour développer le pays ces 25 prochaines années. Publié le : Modifié le : Avec notre correspondante à Dakar, Léa-Lisa Westerhoff Intitulé « Pour un Sénégal souverain, juste et prospère », le programme « Sénégal 2050 » présenté ce lundi par Bassirou Diomaye Faye et Ousmane Sonko est un programme aux objectifs économiques ambitieux. Tripler le revenu par habitant d’ici 2050, assurer une croissance annuelle de plus de 6% en développant, entre autres, des filières compétitives et un secteur privé fort… voilà quelques-uns des grands objectifs du gouvernement. À lire aussiÀ la Une de la presse africaine ce mardi: le plan «Sénégal 2050» « Industrialiser » et « innover » pour asseoir une économie créatrice d’emplois, comme l’a rappelé le président Bassirou Diomaye Faye dans son discours. « Cela passe par la valorisation de nos ressources naturelles, qu’elles soient agricoles, minières, pétrolières où gazières, à travers une industrialisation ambitieuse. Nous intégrerons nos matières premières dans les chaînes de valeur mondiales et nous transformerons nos richesses, sur place, en particulier, grâce aux technologies numériques et à l'intelligence artificielle », a déclaré le président sénégalais. Nous transformerons nos richesses sur place, en particulier grâce aux technologies numériques et à l'intelligence artificielle Bassirou Diomaye Faye: «Le premier axe consiste à asseoir une économie compétitive créatrice d'emplois» À lire aussiSénégal: bilan contrasté pour les 100 jours au pouvoir du président Bassirou Diomaye Faye Parmi les promesses annoncées, figurent celles de former 700 000 jeunes dans les cinq prochaines années, de réduire le coût de l’électricité grâce à l’exploitation du gaz ou encore d’investir dans la recherche et l’innovation, le tout pour un coût de 18,5 milliards de francs CFA dont 60% seulement seraient financés par l’État. Comment trouver l'argent pour financer ce programme ? Mamadou Diop Decroix, ancien ministre du Commerce sous Abdoulaye Wade n’est pas inquiet. « Si vous combattez efficacement la corruption, vous gagnerez beaucoup... Deuxièmement, beaucoup de revenus ne sont pas imposés : c'est la question de l'assiette fiscale. Enfin la diaspora rapporte 10 % du PIB ! » Il y aussi les recettes attendues des hydrocarbures. « Il faut beaucoup plus d’audace dans la mise en œuvre pour atteindre cette ambition-là », estime Elimane Haby Kane du centre de réflexion Legs-Africa, qui regrette que la société civile et notamment dans les régions n'ait pas été plus consultée pour élaborer ce programme. Pour lui, les autorités doivent plancher encore pour réellement proposer des solutions de développement économique fiables et différentes des autorités précédentes. « Une vision peut se permettre d’être très ambitieuse, maintenant, ce qui est important, c'est comment traduire cette vision en réalité ! Il faut aller plus loin que ça ! , car si on reste dans cette économie libérale mainstream, on ne peut pas produire les résultats escomptés car les mêmes mécanismes utilisés ne peuvent pas avoir des effets différents... Il faut beaucoup plus d’audace dans la mise en œuvre pour atteindre cette ambition-là ». Le Premier ministre Ousmane Sonko, de son côté, a appelé les Sénégalais hier à la patience et les syndicats à des revendications raisonnables alors que les attentes des Sénégalais sont fortes dans un contexte économique difficile et un climat des affaires moroses avec de nombreux redressements fiscaux. À un mois d’élections législatives, l’enjeu, pour le pouvoir, est aussi de redonner espoir aux Sénégalais. À lire aussiLe Sénégal a-t-il raison de parier sur le gaz naturel liquéfié pour se développer? NewsletterRecevez toute l'actualité internationale directement dans votre boite mail Je m'abonne",2024-10-14 21:51:00,Rfi,France,Economic Dependency,Economy,Factual,Senegal,https://www.rfi.fr/fr/afrique/20241014-s%C3%A9n%C3%A9gal-2050-l-ex%C3%A9cutif-s%C3%A9n%C3%A9galais-pr%C3%A9sente-son-ambitieux-programme-%C3%A9conomique,4
"Ce plan a été lancé sept mois après que le président Bassirou Diomaye Faye a remporté une victoire électorale écrasante en promettant d'améliorer les conditions de vie dans ce pays d'Afrique de l'Ouest. ""Nous visons à construire une économie diversifiée et résiliente"", a déclaré M. Faye lors de la cérémonie de lancement, qui a lieu un mois avant des élections législatives anticipées. ""Notre économie a été neutralisée par un modèle d'exploitation des matières premières sans aucune transformation ou valorisation locale significative, laissant notre secteur privé national trop faible ... et nos jeunes talents à la recherche désespérée d'opportunités"", a-t-il déclaré. Le Sénégal est devenu un producteur de pétrole en juin, lorsque la société australienne Woodside Energy a commencé à produire sur son champ pétrolier et gazier de Sangomar. La production de gaz devrait également commencer d'ici la fin de l'année dans le cadre du projet de gaz naturel liquéfié Greater Tortue Ahmeyim, exploité par BP. Au début de sa présidence, M. Faye a lancé un audit des contrats pétroliers et miniers, mais les autorités n'ont pas donné de détails sur l'état d'avancement de ce projet. La première phase du plan économique, qui coûtera 30,1 milliards de dollars et s'étendra de 2025 à 2029, vise à réduire le déficit budgétaire de 4,9 % à 3 % du PIB pendant toute cette période. Elle sera financée par une combinaison de financements publics, privés et de partenariats public-privé. Il est basé sur un taux de croissance moyen de 6,5 % et une augmentation de la pression fiscale moyenne à 21,7 %. Le Fonds monétaire international a réduit les prévisions de croissance du Sénégal à 6,0 % en septembre, contre une prévision de 7,1 % en juin, après que l'économie a progressé à un rythme plus lent que prévu au cours du premier semestre. Dans le cadre du nouveau plan, le gouvernement vise à augmenter l'accès à l'électricité de 84 % à 100 % et à rendre le Sénégal autosuffisant sur le plan énergétique. La nouvelle administration modifiera également la structure de financement du déficit du Sénégal afin de reprofiler la dette nationale. M. Faye a subi des pressions de la part de la jeunesse urbaine privée de ses droits, dont le soutien l'a aidé à accéder au pouvoir, pour qu'il tienne ses promesses électorales. Le président s'est également heurté à la résistance de l'assemblée nationale, ce qui l'a incité à dissoudre le parlement le mois dernier, ouvrant ainsi la voie aux élections législatives anticipées du 17 novembre. Son parti, le Pastef, n'avait que peu d'influence avec seulement 26 sièges sur les 165 membres du parlement désormais dissous. Selon le FMI, les recettes publiques ont considérablement diminué au cours des huit premiers mois de l'année, et l'on craint que l'élection ne retarde le financement du FMI.",2024-10-14 19:48:00,Zonebourse,France,Economic Dependency,Economy,Factual,Senegal,https://www.zonebourse.com/cours/indice/S-P-GSCI-NATURAL-GAS-INDE-46869167/actualite/Le-Senegal-devoile-un-plan-de-developpement-economique-et-social-sur-25-ans-48070877/,4
"Sénégal : le gouvernement présente un vaste plan six mois après son installation Le gouvernement sénégalais a présenté lundi son ambitieux plan d'action économique courant jusqu'en 2050 et destiné à rompre avec le sous-développement, la dépendance et le surendettement. Pour afficher ce contenu YouTube, il est nécessaire d'autoriser les cookies de mesure d'audience et de publicité. Une extension de votre navigateur semble bloquer le chargement du lecteur vidéo. Pour pouvoir regarder ce contenu, vous devez la désactiver ou la désinstaller. ""Sénégal 2050"". Le gouvernement sénégalais compte augmenter le revenu par tête de 50 % en cinq ans et allonger l'espérance de vie de trois ans, tout en réduisant le déficit et la dette, aux termes d'un vaste plan présenté lundi 14 octobre en grande pompe six mois après son installation. Le président Bassirou Diomaye Faye, investi en avril, a présidé au côté de son Premier ministre Ousmane Sonko à Diamniadio, près de Dakar, au lancement d'un ambitieux programme de transformation de l'économie et de l'État courant jusqu'en 2050 et destiné à rompre avec le sous-développement, la dépendance et le surendettement. La présentation de ce plan, baptisé ""Sénégal 2050 : agenda national de transformation"", intervient quelques semaines avant les législatives anticipées du 17 novembre. D'ici à 2029, donc la fin du mandat de Bassirou Diomaye Faye, le Sénégal doit jeter les fondements de ce nouveau modèle et assainir le cadre économique, a dit Souleymane Diallo, directeur général de la planification au ministère de l'Économie. Le gouvernement table sur une croissance annuelle entre 6,5 % et 7 % sur la période 2025-2029. Il entend ramener la dette de l'État central de 83,7 % du PIB en 2023 à 70 %, et le déficit budgétaire à 3 % ""dans un délai raisonnable"", a détaillé Souleymane Diallo. Le déficit a atteint 10,4 % en moyenne sur la période 2019-2023, selon le gouvernement. Augmentation du revenu moyen Souleymane Diallo a affirmé la nécessité d'augmenter les recettes fiscales en élargissant l'assiette sans augmenter les impôts, de maîtriser les dépenses courantes et de mieux cibler les subventions à l'énergie, qui représentent selon lui 4 % du PIB, ""sans pour autant impacter le tarif de l'électricité"". L'inflation ""sera maîtrisée autour de 2 % pour les cinq prochaines années"", a-t-il assuré. Avec les autres actions prévues, ""le revenu moyen du Sénégalais devra augmenter de 1 660 dollars à 2 468 dollars, augmentation de près de 50 % en cinq ans"", a-t-il dit, en référence au revenu par tête, c'est-à-dire le revenu national brut annuel rapporté au nombre d'habitants. ""L'espérance de vie à la naissance augmentera au moins de trois ans"", a-t-il déclaré. Elle était de presque 69 ans en 2023, selon l'Agence nationale de la statistique. Le gouvernement entend parvenir à un accès universel à l'eau et à l'électricité. Malgré ses richesses naturelles comme le pétrole et le gaz, le Sénégal reste le 169e pays sur 192 à l'indice de développement humain de l'ONU. En cinq ans, le pays devrait passer des pays à développement humain faible à développement moyen, selon Souleymane Diallo. Avec AFP",2024-10-14 19:14:00,France24,France,Economic Dependency,Economy,Factual,Senegal,https://www.france24.com/fr/afrique/20241014-s%C3%A9n%C3%A9gal-le-gouvernement-pr%C3%A9sente-un-vaste-plan-six-mois-apr%C3%A8s-son-installation,4
"Violences dans le petit Bayonne : un récidiviste condamné à 16 mois de prison ferme Publié le Récidiviste et en situation illégale en France, un homme de 32 ans a été condamné à 16 mois de prison ferme ce lundi par le tribunal judiciaire de Bayonne, pour des violences en pleine nuit, dans le petit Bayonne, le 8 octobre dernier. Il est deux heures du matin ce 8 octobre, place Paul Bert dans le petit Bayonne. Une bagarre éclate dans la rue, devant un bar, où un homme est violemment frappé à terre. L'un de ses deux agresseurs se penche ensuite sur lui pour lui dérober papiers et téléphone portable et prend la fuite à vélo. C'est lui qui est jugé ce lundi 14 octobre devant le tribunal judiciaire de Bayonne en comparution immédiate. Âgé de 32 ans, le jeune est un SDF sénégalais né à Dakar, en situation irrégulière et sous le coup d'une obligation de quitter le territoire français, une OQTF. Et surtout, en état de récidive, puisqu'il a été condamné à huit mois de prison ferme le 4 juillet dernier par ce même tribunal, pour des faits de même nature. L'autre agresseur étant un mineur sera jugé par le tribunal des enfants. Une chute de 10 mètres ""Pourquoi cette violence ?"" La présidente du tribunal Florence Bouvier s'interroge sur les raisons de cette bagarre. L'abus d'alcool sans doute, mais pas de réponse claire du prévenu qui se contente de répéter : ""je n'ai pas frappé"". Sauf que les images des caméras de vidéo-surveillance montrent le contraire. Des coups de pied sur un homme à terre notamment. Lors de sa cavale, l'homme a sauté des remparts. Un plongeon de 10 mètres. Blessé, il a été transféré sur l'hôpital d'où il s'est échappé. Interpellé par les policiers, il est finalement été placé en garde à vue. Placé en détention Pour le procureur de la République Jérôme Bourrier, les faits et la culpabilité du jeune homme ne font aucun doute, alors que pour son avocate Johanne Faguier, cette affaire s'apparente ""à une fin de soirée qui tourne mal"". Le tribunal a condamné le SDF à huit mois de prison ferme et a révoqué les huit mois de sursis prononcés lors de la précédente condamnation. Seize mois de prison ferme plus une interdiction du territoire français. Il devra aussi verser 1.500 euros à la victime pour son préjudice moral et matériel. Grande consultation « Ma commune, mon maire et moi » VOTRE AVIS - En vue des élections municipales de mars 2026, ICI lance un grand cycle de consultations et propose tous les mois un questionnaire thématique afin de comprendre les attentes et les rapports des citoyens avec leurs maires, leurs communes. Sur le même thème - Tribunal de Bayonne : 10 mois de prison ferme pour des violences commises cet été à Hendaye plageBayonne Ivre au volant, il avait aussi agressé trois personnes cet été, en pleine nuit à Hendaye plage. Le tribunal judiciaire de Bayonne a condamné jeudi un récidiviste de 31 ans à 18 mois de prison, dont 10 mois ferme. Il a frappé et blessé à la tête un CRS chargé d'assurer la sécurité lors des fêtes de Bayonne dans la nuit du 12 au 13 juillet. Un jeune homme de 27 ans a été condamné à un an et demi de prison ferme ce mardi par le tribunal judiciaire de Bayonne. Un mari ultra-violent condamné à dix-huit mois de prison dont six mois ferme ce lundi par le tribunal judiciaire de Bayonne. Samedi, il s'était acharné sur sa compagne lors d'une soirée très alcoolisée. Un SDF de 27 ans a été condamné à quatre mois de prison ferme ce jeudi par le tribunal de Bayonne pour des faits de violence commis lors de la foire au jambon de Bayonne en avril dernier. Il avait menacé des policiers avec une faucille. Autour de chez vous 8h12",2024-10-14 16:53:00,Francebleu,France,Reputation Damage,Justice,Factual,Senegal,https://www.francebleu.fr/infos/faits-divers-justice/violences-dans-le-petit-bayonne-un-recidiviste-condamne-a-16-mois-de-prison-ferme-8759877,4
"Agrandissement : Illustration 2 Agrandissement : Illustration 3 «Sénégal : Nouvelles, vastes et dramatiques inondations au Fouta-Toro : quelles mesures gouvernementales de réponse à cette immense tragédie ?», par Amadou Bal BA Suites à des pluies torrentielles, notamment dans la zone de Bakel et au délestage du barrage de Manantali depuis le 4 octobre 2024, afin d’éviter que les digues ne cèdent, des villages ont été inondés à Bakel, au Fouta-Toro et à Podor. Le barrage de Manantali dispose d’une importante capacité de stockage des eaux, avec 2000 mètres cubes seconde de débit, mais les affluents du Bakoye et de la Falémé auraient conduit à cette décision aux conséquences tragiques. Par conséquent, sans la décision de lâchage des eaux, il est probable, que nous aurions, peut-être, à faire face à des conséquences infiniment dramatiques, comme pour le barrage de Derna, dans la nuit du 10 au 11 septembre 2023 en Libye, avec 5000 à 20000 morts ; ou encore, le 10 septembre 2024, pour le barrage d’Alau, à Maiduguri, dans l’Etat du Borno, au Nigeria, des villages entiers avaient été engloutis sous les eaux ; et, 30 000 à 400 000 personnes avaient été déplacées. En tout cas, en raison de ce lâcher des eaux du barrage de Manantali, de nombreux villages du Fouta-Toro, dans le Nord du Sénégal, ont, comme le Zouave parisien, les pieds dans l'eau et sont isolés du reste du pays, avec des dégâts incommensurables. Merci beaucoup à mon jeune frère Adama BA, inspecteur à Bakel, pour ces images rendant de l'étendue des dégâts. C'est une année 2024, est exceptionnelle en pluviométrie ; il continue de pleuvoir en octobre ; ce qui est rare au Fouta-Toro. C'est une bonne récolte pour ceux qui étaient allés cultiver leurs champs et n'attendent pas seulement que les mandats viennent de France. C'est aussi l'espoir que la nature va un peu reverdir et les nappes phréatiques revigorées. En pleine campagne électorale des législatives anticipées que peut le gouvernement face à ces inondations à répétitions ? Pourquoi ce grand lâcher d'eau sur les populations sans précaution ? En raison de la forte saison des pluies qu'on appelle l'hivernage au Sénégal et de l'absence d'un plan local d'urbanisme ainsi que d'un système de canalisation et d'évacuation des eaux efficaces, dans les grandes y a eu des inondations à Dakar, Kaolack et en particulier à Touba, deuxième ville du Sénégal et capitale religieuse des Mourides ne cessant de s'étendre, mais sans canalisations ni système de gestion des eaux usées. Touba est un drame et un scandale écologique puisque ce sont des camions-citernes qui jettent dans la nature pas loin de la ville les déchets des fosses septiques. Les animaux broutent l'herbe de cette saleté et les nappes phréatiques sont polluées. Quelles réponses gouvernementales à cette immense tragédie et souffrance des populations à répétition ? «Gouverner, c'est prévoir» dit-on. A chaque fois, les gouvernants, au lieu d’agir, commentent l’actualité. En effet, ces inondations ne datent pas d'aujourd'hui, mais si l'on veut répondre aux besoins des populations en termes de «rupture», les autorités publiques sénégalaises devraient à mon sens engager deux mesures importantes. C'est d'une part, interdire des constructions dans des zones inondables, en relogeant les personnes dans les zones à risques et d'autre part prévoir dans toutes les grandes villes un système de canalisation et de traitement des eaux usées. C'est un vaste chantier pouvant mobiliser et donner du travail, à vaste échelle et sur du long terme, à ces jeunes, ne songeant qu'à prendre la pirogue, au péril de leur vie. «Cela paraît toujours impossible, jusqu'à ce que cela devienne réalité», disait en substance Nelson MANDELA. La Politique, au sens noble du terme, face aux contraintes, c’est la volonté de faire bouger les lignes. Quand le Roi veut, il peut. Le président Macky SALL, en dépit de son coup d’État électoral du 3 février 2024 (voir mon article, Médiapart, 3 février 2024), et de sa sortie calamiteuse du pouvoir, a été un exceptionnel Pharaon des temps modernes (Voir mon article, Médiapart, 1er janvier 2024). En effet, la politique ce n'est pas le populisme, les valises d’argent au clergé musulman, les interdictions de sortie du territoire ou la reddition des comptes pour faire chanter les opposants, mais de s'attaquer, résolument et profondément, aux problèmes fondamentaux du pays. Chaque gouvernement apporte sa contribution à l'édification d'un Sénégal meilleur ; cela prendra des générations et du temps, mais quand la machine sera lancée personne ne l'arrêtera et les gouvernements successifs reprendront le relais. Le Roi Solomon avait commencé à bâtir son Temple à la quatrième année de son règne de Jérusalem. Depuis lors, chaque génération a apporté sa pierre à l’édifice. Ce qui m'impressionne en France, et en particulier à Paris, même après les JO, il y a des chantiers partout. C'est l'un des grands mérites des Français, ils se chamaillent en politique et rouspètent constamment, mais n'arrêtent jamais de travailler leur pays. Au Sénégal, un journaliste Adama GAYE, vient de révéler un scandale financier impliquant, Abass FALL, ayant reçu 5 milliards de FCFA, reçus des Espagnols, «un ASER-GATE» (Voir le Dakarois du 10 octobre 2024, Seneweb du 12 octobre 2024), impliquant un haut responsable politique du PASTEF, du gouvernement forçant le président Bassirou Diomaye FAYE, publiquement, à le condamner et à s'en désolidariser, en cette période des législatives anticipées. Le PASTEF, à travers sa reddition des comptes, se voulant être le parti de la probité, affronte désormais une tempête ; le mal est fait. Sur sa page Facebook, le journaliste Adama GAYE, parle même d’un scandale à hauteur de 37 milliards. En effet, l'argent, qui ne manque pas en Afrique, mais souvent détourné, y compris dans cette période censée être de «rupture», a tout pourri dans la société sénégalaise. On ne veut pas travailler, mais le seul sport national, c'est de s'enrichir vite sur le dos des contribuables. Le deuxième point concerne le barrage de Manantali. Le président Léopold Sédar SENGHOR nous avait vendu un rêve, celui du «Sénégal de l'an 2000», un barrage de Manantali qui réglera une bonne partie du problème des Peuls du Fouta-Toro, une zone rurale, sylvopastorale défavorisée. Pour l'instant, ces lâchages d'eau, sur la tête des Foutankais, sans aucune précaution, sont une grave faute politique ; elles se traduisent par un grave désastre humain. Par ailleurs, le barrage de Manantali produit de l'électricité, mais vendue très cher aux Foutankais. Comment peut-on privilégier l'électricité dans une zone où le soleil 12 mois sur 12 brûle tout avec des températures avoisinant parfois 48 degrés. On voit bien pendant la période du Ramadan cette gigantesque transhumance des Foutankais allant vers Dakar, un coin un peu plus frais. A mon sens, tout gouvernement responsable et qui se veut de «rupture», devrait opter pour des choix stratégiques radicalement différents notamment en allant vers l'énergie solaire, des bassins de rétention d'eau, mais aussi une vaste chaîne du froid. Cependant, la grande obsession du PASTEF, parti au pouvoir c'est de supprimer le Fouta-Toro en l'intégrant au Oualo et au Ferlo, en imposant le ouolof aux Peuls d'une culture millénaire venue de l'Égypte antique comme l'a dit Cheikh Anta DIOP et en éliminant les Peuls de tous hauts lieux de décisions politiques de l'Eta, par un quasi-système de nettoyage ethnique. Il faut dire aussi que depuis l'indépendance le Fouta-Toro a souvent eu des responsables politiques relativement médiocres, et ne s’intéressant qu'à eux-mêmes. La décision récente de l'APR de l’ancien président Macky SALL, éliminant maître Malick SALL (Voir mon article, Médiapart, 9 octobre 2024), un homme neuf, généreux et empreint d'empathie à l'égard des Foutankais, au profit d'un griot voyou ayant agressé le maire de Bokidiawé Kalidou Wagué ne va pas améliorer la situation dans le Nord. Le Fouta-Toro, déjà une zone paupérisée, ostracisée par le nouveau gouvernement dit de rupture, ne méritait pas ces inondations. Paris, le 14 octobre 2024 par Amadou Bal BA",2024-10-14 13:25:00,Blogs,France,Reputation Damage,Environment,Alarmist,Senegal,https://blogs.mediapart.fr/amadouba19gmailcom/blog/141024/senegal-graves-inondations-barrage-manantali-amadou-bal-ba,4
"A quelques jours de la campagne électorale devant mener le Sénégal aux élections législatives anticipées du 17 novembre, les membres de l’Alliance pour la République (Apr) se retroussent les manches et enclenchent la bataille contre le régime. Des mots peu courtois aux rappels des positions que certaines personnalités avaient hier et qui ont changé de fusil d’épaule aujourd’hui, l’Apr n’a pas manqué l’occasion de tirer à boulets rouges sur le pouvoir. «L’annonce faite par notre coalition d’investir le Président Macky Sall comme tête de liste, a plongé le pouvoir dans un état de divagation extrême. Le camp du Premier ministre Ousmane Sonko ne sait plus où «donner de la langue». Ses hommes savent que la campagne électorale qui nous mène au 17 novembre sera difficile à conduire du fait d’abord du discrédit des Sénégalais à leur endroit, qui se sont rendu compte de leur erreur du 24 mars et qui ont bien l’intention de la corriger en ne permettant pas à ce parti totalitaire d’avoir la majorité à l’Assemblée nationale, et ensuite parce que jamais leur situation économique n’aura été aussi précaire», a écrit l’Apr dans un communiqué titré «Retour de Macky Sall : Affolement général». Selon l’Apr, «les Sénégalais ne supportent plus de voir les menaces de Sonko, les interdictions de sortie du territoire par-ci, les arrestations pour crimes de contestation des erreurs du Premier ministre à la face du monde par-là, Premier ministre dont le seul bilan est d’avoir interdit les machines à café dans les bureaux de l’Administration». Pour ces libéraux, si le Président Macky Sall a pu décider d’être tête de liste de sa coalition, «c’est qu’il ne craint rien d’une part, mais qu’il a compris que les Sénégalais se sont réveillés de leur torpeur, et qu’il convient de se dresser en rempart contre une dictature rampante». Ainsi, souligne le document, «Sonko et compagnie veulent faire de la reddition des comptes le seul thème de campagne. Ils veulent ensevelir leur incapacité à sortir les Sénégalais du marasme dans lequel leur gouvernance hasardeuse les a plongés, et du coup ils ne parlent surtout pas du scandale de l’Aser dans lequel ils sont embourbés et qui a réveillé les Sénégalais, choqués par la gestion de ce dossier qui a conduit au limogeage arbitraire de Saër Niang». L’Apr n’a pas manqué de commenter l’incident survenu au Maroc avec Macky Sall, qui s’est fait agresser verbalement par une dame. «Il y a Aminata Touré en pleine hallucination, qui, oubliant les multiples Var qui sont visibles la concernant, a eu le toupet de déclarer : «Macky Sall, quand il viendra, il faudra qu’il réponde de ces 80 morts.» Ah bon ? Les Sénégalais n’ont pas oublié que c’est Aminata Touré, dans un de ses rares moments de lucidité, forte des renseignements que ses fonctions de Garde des sceaux et de Premier ministre lui permettaient d’avoir, avait affirmé «que Ousmane Sonko avait intérêt à déstabiliser le Sénégal au moment où on parlait de pétrole et de gaz», et que «ce sont ses hommes qui avaient infiltré des tireurs dans les foules des émeutes pour faire accuser nos Forces de défense et de sécurité». Elle avait même dit à Sonko que Bby n’avait pas le carnet de rendez-vous de Sweet Beauté», lit-on dans le document. Avant d’ajouter ceci : «Mimi Touré a accepté un tabouret à côté de Diomaye Faye, le président de la République. Accepter d’être le «beukeunek» ou le chambellan d’un hologramme, c’est le comble de l’opportunisme, mais vouloir plaire coûte que coûte à Ousmane Sonko qui ne veut pas d’elle, n’autorise pas cette dame à traiter elle aussi Macky Sall d’assassin.» D’après le communiqué, toutes ces sorties sont faites à dessein. «Le camp de Ousmane Sonko a peur de Macky Sall, et du coup utilise ses langues de fiel, sachant que ses langues de miel envers les populations n’ont plus aucune emprise sur les Sénégalais», lit-on dans le communiqué. LeQuotidien",2024-10-14 13:21:00,Lactuacho,France,Reputation Damage,Politic,Sensationalist,Senegal,https://www.lactuacho.com/agitation-autour-du-retour-de-macky-lapr-sen-prend-a-pastef-et-a-mimi/,4
"Chers compatriotes d’Europe du Sud, C’est avec une profonde émotion et un grand sens du devoir que je m’adresse à vous en tant que candidat de la Coalition Takku Wallu Sénégal pour les élections législatives du 17 novembre 2024. Cette candidature, que j’ai l’honneur de porter, est avant tout le reflet de la confiance et du soutien que vous m’avez témoigné. C’est une mission collective que je me fais le devoir de mener avec vous. Je souhaite exprimer ma plus sincère gratitude à Son Excellence Macky Sall, Président de l’Alliance pour la République, pour la confiance placée en moi. À toute son équipe qui m’a soutenu avec constance, et en particulier à Monsieur Alioune Ndaw Fall, Secrétaire Général chargé de la Diaspora, je leur adresse mes remerciements les plus chaleureux pour leur rôle déterminant dans cette démarche. La tâche qui m’attend est immense, mais elle n’est pas insurmontable. Je m’engage à la mener avec rigueur et détermination, car vos préoccupations, vos attentes et vos espoirs seront au cœur de chacune de mes actions. Que vous soyez résidents en Espagne, au Portugal, en Grèce en Turquie ou en Italie, mes chers compatriotes de la Diaspora, sachez que vos voix, vos droits et vos intérêts seront défendus avec dignité et fermeté. Mon ambition, est de devenir un député proche de vous, attentif à vos besoins et soucieux de défendre vos aspirations. Il est important que la voix des Sénégalais de l’extérieur, et en particulier ceux d’Europe du Sud, trouve sa place dans les instances de décision. Ensemble, nous veillerons à ce que nos réalités soient pleinement prises en compte et respectées. Je vous invite, mes chers compatriotes, à vous mobiliser. Ce combat est le nôtre, celui de l’unité, de la solidarité, et de la justice pour tous. Ce n’est qu’en étant unis que nous pourrons relever les défis qui se dressent devant nous. Le soutien que vous m’apporterez lors de ces élections sera notre force pour construire un avenir meilleur. Je tiens à rappeler que la solidarité entre nos communautés en Espagne, au Portugal, en Italie, en Grèce et en Turquie est la clé de notre succès. Notre unité est notre plus grande force. Ensemble, main dans la main, nous pourrons bâtir un avenir prometteur pour notre Diaspora. Mes chers pères, mères, frères et sœurs, nous avons l’opportunité de faire résonner la voix des Sénégalais d’Europe du Sud avec force et clarté au sein de notre hémicycle national. C’est ensemble que nous marquerons cette élection de notre empreinte, en portant fièrement les couleurs de notre Diaspora. Je vous donne rendez-vous le 17 novembre 2024. Ne restez pas spectateurs de ce moment historique, soyez acteurs de notre avenir. Ensemble, faisons entendre notre voix. Que Dieu nous guide dans cette noble et exaltante mission. Que vive la Coalition Takku Wallu Sénégal ! Que vive l’unité de la Diaspora sénégalaise en Europe du Sud ! Mbagnick Diouf Candidat pour le département de l’Europe du Sud (Espagne, Portugal, en Grèce, en Italie et en Turquie) diouf.mbagnick@hotmail.com Tél. : +34 663 355 250",2024-10-14 09:01:00,Lactuacho,France,Democratic Interference,Politic,Factual,Senegal,https://www.lactuacho.com/legislatives-du-17-novembre-2024-declaration-de-candidature-de-mbagnick-diouf-de-la-coalition-takku-wallu-senegal-departement-europe-du-sud/,4
"#Dakar annonce un projet de développement en rupture #Dakar annonce un projet de développement en rupture Le gouvernement sénégalais présentera ce lundi 14 octobre un projet de développement pour les 25 prochaines années. Intitulé « #Sénégal 2050 », ce plan ambitieux du président Bassirou Diomaye Faye et de son Premier ministre Ousmane Sonko, vise à rompre avec la dépendance, tant de l'étranger, que de la dette, pour s'appuyer davantage sur les ressources locales et le capital humain. L’analyse de Dr Amadou Lamine Faye, Ancien ministre sénégalais, conseiller chargé du Panafricanisme et de la Diaspora.",2024-10-14 07:43:00,Pravda Fr,Russia,Economic Dependency,Economy,Factual,Senegal,https://pravda-fr.com/world/2024/10/14/263709.html,4
"Assises nationales des étudiants sénégalais en France: la précarité au cœur des discussions Publié le : En France ils sont près de 29 000 Sénégalais à poursuivre leurs études universitaires. En tant qu'étrangers, ils doivent se loger, renouveler leur titre de séjour, financer leurs études quand ils ne sont pas boursiers. Ce sont autant de défis soulevés lors des Assises nationales des associations d'étudiants sénégalais en France (Anasef). Une rencontre inédite, initiée par la Fédération des étudiants et stagiaires sénégalais en France (Fessef) qui regroupe plus de 50 associations sur tout l'Hexagone. À lire aussiLa France, une destination de choix pour les étudiants étrangers selon une étude de Campus France À lire aussiÉtudiants étrangers en France: attention aux comptes séquestres frauduleux NewsletterRecevez toute l'actualité internationale directement dans votre boite mail Je m'abonne",2024-10-14 01:31:00,Rfi,France,Cultural Hegemony,Education,Factual,Senegal,https://www.rfi.fr/fr/podcasts/reportage-france/20241013-assises-nationales-des-%C3%A9tudiants-s%C3%A9n%C3%A9galais-en-france-la-pr%C3%A9carit%C3%A9-au-c%C5%93ur-des-discussions,4
"Une extension de votre navigateur semble bloquer le chargement du lecteur vidéo. Pour pouvoir regarder ce contenu, vous devez la désactiver ou la désinstaller. Omar Cissé (InTouch) - ""Débat sur le Franc CFA : Il faut une monnaie unique en Afrique"" Publié le : Modifié le : Le Sénégalais Omar Cissé est le fondateur et directeur général de InTouch, start-up spécialisée dans le paiement mobile. Dix ans après sa création, quel bilan fait-il de sa progression et comment a-t-il adapté son modèle économique ?Au micro de Bruno Faure (RFI) et Aurélie M'Bida (Jeune Afrique), le diplômé de l'Ecole supérieure polytechnique de Dakar, ingénieur de conception en informatique, s'exprime aussi sur les défis économiques du Sénégal dirigé par Bassirou Diomaye Faye et Ousmane Sonko, sa place dans le monde et en Afrique de l'Ouest, sa position face aux pays de l'Alliance des Etats du Sahel (AES), l'avenir du franc CFA, le rôle des diasporas ou encore le débat sur l'immigration en Europe.",2024-10-13 23:58:00,Rfi,France,Cultural Hegemony,Economy,Factual,Senegal,https://www.rfi.fr/fr/vid%C3%A9o/20241013-d%C3%A9bat-sur-le-franc-cfa-il-faut-une-monnaie-unique-en-afrique-selon-omar-ciss%C3%A9-intouch,4
"Dr Mohamed Lamine Ly est un militant du Parti de l’indépendance et du travail (PIT) depuis 1979. Chroniqueur, passionné d’écriture, il anime le blog de Nioxor Tine. Loin des caméras, il a longtemps préféré l’exercice solitaire de partage de ses analyses à travers son blog. L’homme de gauche a exceptionnellement accepté de répondre à nos questions face caméra sur les premiers pas du nouveau régime, les Législatives anticipées, la gouvernance, etc. Membre des cadres du PIT, Mohamed Lamine Ly fait partie de ceux qui veulent que soient opérées les réformes de l’intérieur de cette formation politique. Ce qui les a poussés à créer ""Dooleel PIT"". Soutien du régime actuel et membre de la coalition Diomaye Président, Mohamed Lamine Ly compte parmi ceux qu’on pourrait qualifier d’allié périphérique du pouvoir. Toute chose qui lui permet de garder une certaine liberté de parole afin de critiquer librement quand il le faut, afin de pousser à mieux faire. Dans cet entretien, il jette un regard sur l’attitude de la nouvelle opposition, affiche enthousiasme et optimisme quant à la reprise en main du pays par le nouveau régime. Ce qui ne l’empêche pas, outre mesure, de critiquer le régime sur certains aspects de sa gouvernance. PREMIERE PARTIE MOHAMED LY SUR LE PASTEF, LES VIERGES EFFAROUCHÉES DE L'OPPOSITION, LES LÉGISLATIVES ANTICIPÉES. Mohamed Lamine Ly, prône l’éthique en politique, il critique la transhumance intéressée des acteurs/des/actrices politiques. Surtout ceux qui guettent le début de la 25e heure pour vite franchir l’autre rive et rejoindre le camp des favoris en espérant avoir un retour sur investissement en termes de partage de gâteau. Séduit par la promesse de rupture des Patriotes africains pour l’éthique et le Travail (Pastef), la politique de souveraineté clamée à cor et à cri, il ne comprend pas l’attitude de la nouvelle opposition qui de par sa posture ne semble pas vouloir que les choses changent pour le Sénégal. Par contre, il regrette que les travailleurs ne se mobilisent toujours pas pour soutenir le combat de Sonko dont il estime qu'il va bien au-delà de la politique. Puisque c’est avant tout « une question de liberté ». Ainsi, Dr Ly encourage le Pastef, à tenter de rallier maintenant les syndicats à sa cause parce qu’un vrai « Jubbanti » ne saurait se faire sans l’ensemble des forces sociales. DEUXIEME PARTIE ASSISES NATIONALES : TOUJOURS ACTUELLES ET AUSSI PERTINENTES Les réformes institutionnelles au Sénégal sont d’une grande urgence pour remettre le pays sur les rails du développement. À cette fin, l'Etat n’a pas besoin d’aller chercher loin. Les autorités actuelles ont juste besoin d'entamer la mise en œuvre du travail scientifique réalisé par les Assises nationales et qui a été traduit dans le Pacte national de bonne gouvernance démocratique qu’elles ont signé, il y a quelques mois en toute liberté. Le Dr Mohamed Lamine Ly, allié du pouvoir et du militant du Parti de l'indépendance et du Travail (PIT), appelle vivement les autorités à y penser d’autant plus que ce sont des institutions inadaptées qui produisent des carrières de dictature, des parlements croupion, de la corruption endémique et des président régnant tel Dieu le père. Le Projet de rupture systémique du Sénégal du nouveau régime devrait pouvoir facilement s'intégrer au Pacte de bonne gouvernance démocratique sans encombre. Le pacte, faut-il le rappeler, est une synthèse des conclusions des Assises nationales et du rapport de la commission nationale de réforme des institutions (CNRI). Cet outil de gouvernance (pacte) a été paraphé par plus de la moitié des candidats à la dernière présidentielle du 24 mars 2024, dont le président Diomaye Faye. Le Pacte devrait être la clé de voûte pour l'amélioration de la démocratie du Sénégal, de la refondation des institutions et de l'amélioration de la gouvernance. Pour ceux qui voudraient croire que les Assises nationales d'où est issu cet outil de bonne gouvernance sont caduques, font assurément fausse route, parce que non seulement les Assises nationales sont actuelles, mais elles gardent toujours toute leur pertinence, estime le Dr Mohamed Lamine Ly, allié du pouvoir et membre du Parti de l'Indépendance et du Travail (PIT). C'est la recette pour faire du développement intégré au Sénégal. Favorable à la ligne politique du Pastef au pouvoir depuis 6 mois, comme d’autres acteurs politiques et adepte des Assises, Mohamed Lamine Ly relève toutefois quelques points de préoccupation de la gouvernance actuelle. Suivez son analyse dans cette entrevue avec Seneplus. TROISIEME PARTIE PASTEF : LE PROJET N'IRA NULLE PART SANS L'APPROPRIATION DES MASSES Le nouveau référentiel du développement au Sénégal, communément appelé « Le projet », est encore un peu trop domestiqué dans le Pastef son initiateur. Il gagnerait à devenir très vite la chose de la patrie. C'est la préconisation du Dr Mohamed Lamine Ly, militant du Parti du travail et de l'indépendance (PIT) et allié de Pastef. En clair, le Projet de transformation systémique ne pourra réussir que s'il est vulgarisé, partagé et est adopté par l'ensemble des Sénégalais. « Pour le réussir, il faut que les masses populaires s’approprient de ce projet-là. Or, on a un peu l’impression justement que ce n’est pas le Projet de la Patrie, mais c’est encore le projet du Parti. Ils ont intérêt à le sortir, à demander l’avis des gens, à l’adapter à ce que les gens pensent, mais pas penser que ça va tomber du ciel et qu’ils vont vraiment nous amener au paradis, c’est quelque chose qu'il faut construire avec les masses populaires de nos différents pays », argue Mohamed Lamine Ly. Élaboré certes par les intellectuels du Pastef, le Projet fait bonne impression auprès d'une bonne partie des Sénégalais qui fustigent le PSE de Macky Sall accusé d'être vendu au Sénégal par un cabinet étranger. Tout compte fait, l'actuel pouvoir ne fait pas mystère sur sa volonté de se débarrasser du Plan Sénégal Émergeant (PSE). D’ailleurs pour notre invité, il aurait dû être arrêté bien plus tôt, car selon lui, le PSE est budgétivore et a fait flamber la dette du Sénégal. Sur la question de la reddition des comptes, Mohamed Lamine Ly est favorable à la traque aux biens mal acquis, mais il souhaite que tout cela se passe dans le strict respect des droits des accusés qui sont présumés innocents jusqu’à nouvel ordre. Ainsi, les nouvelles autorités ne devraient pas se rendre responsables d'une certaine cruauté ou violation des droits des accusés. On ne devrait pas se dire que parce qu'on a raison, on peut faire ce qu'on veut. Non. Tout ne défendant pas le régime, cet allié « périphérique » n’hésite pas à pointer du doigt les points de faiblesses à améliorer à commencer par l’inclusion des masses.",2024-10-13 12:22:00,Blogs,France,Democratic Interference,Politic,Factual,Senegal,https://blogs.mediapart.fr/mohamed-lamine-ly/blog/131024/nioxor-tine-se-prononce-sur-l-actualite,4
"APS – Le président de l’Association nationale des donneurs bénévoles de sang (ANDOBES), Ousmane Bèye, a invité samedi à Dakar, les Sénégalais, à donner leur sang à la banque de sang du Centre national de transfusion sanguine (CNTS) pour sauver des vies. ‘’Ce qui est souhaitable, c’est que chaque homme, dès l’âge de 18 ans ait conscience que tous les trois mois, il doit aller donner de son sang, s’il est bien portant au CNTS, dont la moyenne journalière de collecte tourne entre 150 à 200 poches’’, a dit M.Béye. Il prenait part à la journée de don de sang organisée par les clubs Rotary du Sénégal, en collaboration avec les responsables de la Jeune chambre internationale U Dakar Prestige, la Jeune chambre internationale Dakar Elite et Inner Wheel. ‘’Cette initiative vise à renforcer les banques de sang confrontées à un déficit récurrent’’, a-t-il expliqué, appelant la population ”à ne pas attendre un appel ou un accident pour aller vers la banque de sang du CNTS ”. ”Il faut que les gens soient sensibilisés. Il faut qu’ils se mobilisent à aller donner leur sang. C’est ce qui permettra de sauver des vies ‘’, a-t-il insisté. L’assistante administrative de la présidente de ”Justice and Dignity for the Women in Sahel” (JDWS), Georgina Ngoma, a indiqué, que l’objectif de cette activité de don de sang, vise à mobiliser, les gens pour les sensibiliser sur l’importance de sauver des vies. ‘’Les hôpitaux font de leur mieux, mais seuls, ils ne peuvent pas tout faire. C’est aux populations et aux citoyens de se mobiliser pour aider le corps médical. Nous allons normalement poursuivre cette initiative dont l’objectif est d’organiser au moins trois à quatre journées de don de sang, dans l’année’’, a-t-elle encore souligné.",2024-10-13 09:23:00,Lactuacho,France,Cultural Hegemony,Health,Factual,Senegal,https://www.lactuacho.com/sante-le-president-de-la-invite-les-senegalais-a-donner-leur-sang-pour-sauver-des-vies/,4
"L’indispensable synergie des secteurs public et privé pour innover dans les systèmes éducatifs en Afrique de l’Ouest Publié le : L’année scolaire 2024-2025 a commencé début octobre dans un grand nombre de pays d’Afrique de l’Ouest. Wathi a organisé le 1er octobre une table ronde sur « Les innovations dans le secteur éducatif au Sénégal : les apports du secteur privé et des ONG ». Oui, cette table ronde s’inscrivait dans une série d’événements en ligne et en présentiel de Wathi sur les questions d’éducation depuis le début de l’année, en partenariat avec l’ambassade d’Irlande au Sénégal. Ce pays européen vécut l’expérience de la colonisation presque aussi récemment que les pays africains et fut il y a encore quelques décennies un pays pauvre avec une forte émigration. Comme tous les pays qui ont significativement amélioré les conditions de vie de leurs populations, l’Irlande a beaucoup investi dans son système d’éducation et de formation, avec une attention particulière à l’égalité d’accès entre garçons et filles, à l’enseignement des sciences et des technologies et aux innovations. Nous considérons que toutes les expériences sur tous les continents peuvent et doivent nous inspirer. S’inspirer ne signifie pas copier et reproduire à l’identique. En choisissant le thème des innovations portées par le secteur privé de l’enseignement et les organisations non gouvernementales, nous voulions encourager un partage de connaissances entre les écoles privées qui ont plus de flexibilité dans leurs approches pédagogiques, dans leur manière de passer des savoirs, des savoir-faire et des savoir-être et le secteur public qui accueille le plus grand nombre d’écoliers, d’élèves et d’étudiants. La place du numérique, les changements nécessaires dans la manière d’enseigner aux enfants de la génération actuelle, les implications du développement de l’intelligence artificielle, les conditions d’enseignement précaires dans les zones rurales et même dans des quartiers d’une ville comme Dakar, tout cela a été abordé lors des échanges... Tout à fait, des échanges passionnants grâce à l’expérience et à l’engagement de nos invités qui ont partagé leurs inquiétudes quant au rythme beaucoup trop lent des changements du système éducatif sénégalais dans le contexte d’un pays extrêmement jeune, et de l’observation d’une impréparation d’une majorité de jeunes diplômés aux exigences du marché du travail et d’un entrepreneuriat digne de ce nom. Yasmine Sy, Directrice académique du groupe SupDeco Dakar, une école de commerce, Sandrine Lemare qui dirige la Soft Skills Academy de l'Institut supérieur de management (ISM), ont souligné le besoin de donner plus d’importance à ces compétences douces transversales qui manquent beaucoup aux jeunes, la connaissance de soi, de sa culture et de son environnement, la curiosité, la créativité, l’engagement pour la communauté… Il est évident que les groupes privés en particulier au niveau supérieur ont beaucoup plus les moyens d’introduire des innovations que les établissements publics. Mais là aussi, il ne s’agit pas de copier et de répliquer mais de s’inspirer de ce qui se fait de prometteur dans un espace donné pour imaginer des solutions plus frugales dans un espace plus large, celui de l’enseignement public. Il ne faut pas perdre de vue des défis majeurs comme le contrôle et la régulation des écoles privées et les conditions matérielles encore très précaires de nombre d’établissements publics et même privés... Tout à fait. Mamadou Cissé, qui préside l'Union nationale des écoles privées laïques du Sénégal, a témoigné de l’absence de fait d’un contrôle effectif de la qualité des apprentissages dans les établissements privés, hors de l’enseignement supérieur. Les plus de 5000 écoles privées dûment enregistrées sont très rarement contrôlées par des inspecteurs de l’éducation nationale, en nombre largement insuffisant. Des centaines d’écoles privées n’ont par ailleurs aucune existence légale et font passer les examens nationaux à leurs élèves sous le couvert d’écoles enregistrées. Abdou Sarr, formateur au sein de ARED, Associates in Research and Education for Development, une ONG qui a développé une expertise reconnue dans l’introduction des langues nationales sénégalaises dans le système éducatif, à travers la production de manuels adaptés, a insisté sur l’implication nécessaire et légitime de toutes les catégories de la société, dans la définition du type d’école que l’on veut pour le pays. C’est précisément l’objectif que nous poursuivons en organisant ce type de rencontres. ► Pour aller plus loin - Sénégal : appel à une synergie pour réformer le système éducatif NewsletterRecevez toute l'actualité internationale directement dans votre boite mail Je m'abonne",2024-10-13 07:53:00,Rfi,France,Cultural Hegemony,Education,Factual,Senegal,https://www.rfi.fr/fr/podcasts/%C3%A7a-fait-d%C3%A9bat-avec-wathi/20241013-l-indispensable-synergie-des-secteurs-public-et-priv%C3%A9-pour-innover-dans-les-syst%C3%A8mes-%C3%A9ducatifs-en-afrique-de-l-ouest,4
"Des colis récoltés à Lectoure à destination du Sénégal L’association France-Casamance a effectué récemment le chargement de plusieurs colis à destination du Sénégal. Cette association lectouroise organise des vide-greniers et récolte des dons qu’elle achemine chaque année à M’bour, une ville située à 80 km de Dakar. Au Sénégal, France-Casamance aide les personnes en situation de précarité en leur apportant un petit réconfort. Mme Tolosa et son amie Michèle se rendent chaque année sur place pour distribuer les colis à leurs frais. Des vêtements pour enfants, des fournitures scolaires, des chaussures, du matériel médical et des livres. En 2023, deux lycées du Sénégal ont été soutenus. Leur médiathèque avait en effet été enrichie de livres en provenance du Gers. Un jardin d’enfants avait également été équipé d’un tobogan. Des puits ont été réalisés pour que la population locale accède plus facilement à l’eau. Des lunettes ont été mises à disposition d’un centre de non-voyants. L’association alerte sur les baisses de cotisations et le manque de moyens. Elle appelle à la générosité pour continuer à apporter la solidarité directement sur le terrain. J'ai déjà un compte Je me connecteSouhaitez-vous recevoir une notification lors de la réponse d’un(e) internaute à votre commentaire ?",2024-10-12 06:17:00,Ladepeche,France,Cultural Hegemony,Humanitarian,Factual,Senegal,https://www.ladepeche.fr/2024/10/12/des-colis-recoltes-a-lectoure-a-destination-du-senegal-12256292.php,4
"La première sortie post-Aliou Cissé et du staff intérimaire de l’Equipe Nationale du Sénégal, sous la houlette de Pape Thiaw, était évidemment scrutée et on peut dire que les Lions ont renoué avec le sourire au Stade Abdoulaye-Wade. Avec un jeu emballant, face à un Malawi faible et réduit à dix, ils l’ont facilement emporté 4-0 et reviennent à hauteur du Burkina Faso. Première réussie pour Pape Bouna Thiaw et les Lions. Opposée au Malawi ce vendredi soir pour la troisième journée des qualifications à la CAN 2025, l’Equipe Nationale du Sénégal s’est imposée 4 buts à 0 sur la pelouse du Stade Abdoulaye-Wade de Diamniadio. Pape Gueye (35e), Sadio Mané (68e) et Boulaye Dia (71e) et surtout Nicolas Jackson (77e) ont offert un large succès aux partenaires de Kalidou Koulibaly. Une victoire prometteuse qui permet donc au Sénégal de revenir à hauteur du Burkina Faso dans ce groupe L, quatre jours avant le match retour à Lilongwe, où les champions d’Afrique 2022 auront l’occasion de se qualifier pour la CAN. Munthali voit rouge, Pape Gueye débloque la situation Alignés en 4-2-3-1 au coup d’envoi avec un quatuor offensif composé d’Iliman Ndiaye, Ismaila Sarr, Sadio Mané et Nicolas Jackson pour animer les offensives sénégalaises, les Lions ont rapidement pris le jeu en main. Servi par Jackson, à la réception d’une belle passe en profondeur de Moussa Niakhaté, Iliman Ndiaye se procurait de la première occasion mais se faisait contrer par la défense (2e). Peu après, Mané trouvait Ismaila Sarr sur un centre délicieux, mais la tête piquée de l’ailier de Crystal Palace passe juste à côté des cages du Malawi (6e). OFFICIEL 🇸🇳🇳🇦 Sénégal vs Malawi (19h Gmt) : Voici le 11 aligné par Pape Thiaw #wiwsport pic.twitter.com/A63KpdEQ4I — wiwsport (@wiwsport) October 11, 2024 Sûrs de leurs forces, les hommes de Pape Thiaw circulaient tranquillement le ballon sur toutes les zones. Mais face à un bloc malawite bien regroupé et trop bas, il en fallait plus pour faire vaciller l’adversaire. Trouvé sur une remise acrobatique de Jackson, Mané défie Brighton Munthali. Le gardien malawite intervient dans les pieds de l’attaquant d’Al-Nassr, seul face au but, et écope d’un carton rouge logique. Cette expulsion a permis à de patients Lions de se procurer encore plus d’occasions et d’aller même ouvrir le score par Pape Gueye, auteur d’une merveille de frappe enroulée sous la transversale, après un service d’Iliman Ndiaye et au terme d’une belle action collective (1-0, 35e). L’attaque finit fort, Jackson exulte enfin Enfin lancés, les hommes de Pape Thiaw ne se sont pas arrêtés en si bon chemin, continuant au contraire de semer la panique dans l’arrière-garde malawite. Mal récompensés sur une superbe action à trois entre Pape Gueye, Sadio Mané et Iliman Ndiaye (43e), les Lions n’ont pas réussi à faire le break avant la pause, malgré aussi cette reprise acrobatique de l’ancien joueur de Liverpool (45e+2). Largement dominateurs avec pas moins de 78% de possession, se satisferont de leur contenu et d’avoir marqué sur leur seul tir cadré au moment de regagner les vestiaires. Contraint de sortir son dépositaire du jeu du jour, Iliman Ndiaye, et son milieu de terrain Lamine Camara, physiquement diminués, sans oublier Formose Mendy qui a été suppléé par Habib Diarra en début de seconde période, Pape Thiaw a lancé Idrissa Gueye et Boulaye Dia. Ces trois changements n’ont pas chamboulé la belle mécanique sénégalaise, bien au contraire. Plus tranchant et surtout plus fluide, à l’image d’Ismaila Sarr, le Sénégal a tiré encore plus d’enseignements positifs sur ce second acte. Après s’être vu refusé un but pourtant totalement correct – l’arbitre a sifflé un hors-jeu inexistant (60e) -, Sadio Mané n’a pas abdiqué à la deuxième occasion. Servi par Ismaila Sarr, qui a piqué un ballon à Silwimba, celui qui couvrait parfaitement Mané sur le but refusé, l’attaquant d’Al-Nassr, oriente sur son pied gauche et décoche une frappe imparable pour le remplaçant de Munthali, le gardien Patrick Mwaungulu (2-0, 68e). Quelques instants plus tard, Boulaye Dia, récompensé par une bonne entrée en jeu, marquait son septième but en sélection suite à une belle action individuelle de sa part (3-0, 71e). Et puis arriva l’événement que tout le monde attendait. En échec depuis 16 sélections, Nicolas Jackson, sur une passe de Gana Gueye, a débloqué son compteur avec les Lions (4-0, 78e). Un but bien fêté par le joueur de Chelsea et par ses partenaires. Retour de la gagne au Stade Abdoulaye-Wade et première mission brillamment remplie par Pape Thiaw et sa compagnie. Rendez-vous mardi prochain à Lilongwe pour la confirmation ! 🇸🇳🇳🇦 Sénégal 4-0 Malawi (Terminé) Quelle est votre analyse de cette victoire des Lions ❓ #wiwsport pic.twitter.com/FunKEUfNGD— wiwsport (@wiwsport) October 11, 2024 wiwsport.com",2024-10-11 23:57:00,Wiwsport,France,Cultural Hegemony,Sport,Factual,Senegal,https://wiwsport.com/2024/10/11/qualifs-can-2025-les-lions-deroulent-face-au-malawi-pour-la-premiere-de-pape-thiaw-4-0/,4
DESSIN Le regard de Glez sur les législatives à venir au Sénégal Le Premier ministre Ousmane Sonko et l'ex-Président Macky Sall à nouveau face à face pour les élections anticipées du 17 novembre. Comme une revanche de la présidentielle du mois de mars remportée par le parti du chef du gouvernement. Sous le regard de Glez de la rédaction Mandenkan / Fulfulde de RFI à Dakar. Publié le : 1 min Temps de lecture,2024-10-11 19:42:00,Rfi,France,Democratic Interference,Politic,Factual,Senegal,https://www.rfi.fr/fr/culture/20241011-le-regard-de-glez-sur-les-l%C3%A9gislatives-%C3%A0-venir-au-s%C3%A9n%C3%A9gal,4
"L’opposition ivoirienne a appelé au dialogue politique avant la présidentielle de 2025. En 2000 elle appelait également au dialogue politique à la veille de la […] L’opposition ivoirienne a appelé au dialogue politique avant la présidentielle de 2025. En 2000 elle appelait également au dialogue politique à la veille de la […] Il aura fallu attendre les dernières heures avant le scrutin pour que le CODE de Jean-Louis Billon fasse vibrer les fibres militantes du PDCI-RDA. Alors […] Ce lundi 20 octobre 2025, le PDCI-RDA totalise 79 ans, 6 mois et 11 jours d’existence. Un âge vénérable pour un parti qui fut le […] On dit quoi CODE et PDCI ! Quelque chose fait rage autour du candidat Jean-Louis Billon sera face à Alassane Ouattara candidat pour sa propre succession, […] Du boycott présidentiel à une possible participation législative? Pétrouce Gnagne est Citoyen ivoirien engagé, Observateur libre des silences politiques et témoin lucide des stratégies manquées. […] À Angré, le RHDP lance la bataille d’Abidjan-Cissé Bacongo galvanise les troupes et confie une mission aux militants : »convaincre, rassembler, gagner » Le dimanche 12 […] Le Réseau des Reporters photographes, cameraman professionnels et Assimilés de Côte d’Ivoire- REPHOCAPCI, et l’Associations des Parents d’Elèves et Etudiants de Côte d’Ivoire ont procédé […] « Après d’âpres négociations et de lobbying, Je suis enfin heureuse de vous annoncer deux importantes nouvelles. La première, très bientôt, les problèmes d’eau de […] L’honorable TRAORÉ Mariame engagée « pour un avenir égalitaire et prospère pour toutes et tous» « Au cours des cinq dernières années, la Côte d’Ivoire a […] Les enjeux attendus rappelés aux industriels Les ministres, Souleymane Diarrasouba et Jacques Konan Assahoré viennent de réaffirmer leur engagement ferme à mettre fin aux […] Du 11 au 14 mars 2024, à l’institut polytechnique Félix Houphouët Boigny INPHB à Yamoussoukro, la Côte d’Ivoire accueille dans sa capitale politique, la 6è […] « A Monsieur le Directeur de publication de Ledebativoirien.net, édité par Ozyl-Whazney Editions Droit de réponse de la PNCI Dans un article intitulé : « Exclue de […] L’échangeur du « Carrefour MACACI » constitué d’un tablier de section mixte constitué de poutres métalliques avec une largeur totale de 16,30 mètres de 2X2 voies de […] Placé sous le thème »Soutenir les progrès et célébrer une décennie de changement », le 10è Atelier régional du projet de Centres d’Excellence de l’enseignement supérieur […] Accueil",2025-10-14 14:16:00,Ledebativoirien,France,Democratic Interference,Politic,Factual,Côte d'Ivoire,https://www.ledebativoirien.net/?q=driving-deals-and-catalyzing-growth-african-energy-week-aew-to-return-to-cape-town-from-1216-october-2026&pr=359053&lang=fr,4
"Du boycott présidentiel à une possible participation législative? Pétrouce Gnagne est Citoyen ivoirien engagé, Observateur libre des silences politiques et témoin lucide des stratégies manquées. Si Gbagbo n’est pas éligible, alors tout le PPA-CI est-il disqualifié ? Si Thiam n’est pas prêt, alors tout le PDCI-RDA doit-il s’effacer ? Cette posture soulève une erreur politique grave que les deux partis risquent de regretter en murmurant : « Si je savais…», mais comme on dit à Abidjan, « Si je savais n’a pas de queue ». Suivez la CHRONIQUE de Petrouce! « On ne bâtit pas un parti sur les sautes d’humeur, ni sur la seule intelligence d’un homme, aussi charismatique soit-il. Car quand ce dernier est enrhumé, c’est tout le parti qui tousse. Et quand il est dépassé par les événements du moment, c’est tout le parti qui vacille. La politique ne peut se réduire à une loyauté affective ou à une dépendance solitaire. Elle exige une vision partagée, une capacité à transmettre et une stratégie collective. Et comme le dit la sagesse dans Ecclésiaste 7 :8 : « Mieux vaut la fin d’une chose que son commencement ». Encore faut-il que cette fin soit assumée, préparée et porteuse d’un nouveau souffle politique ? Volet 1 – Une alliance en quête de clarté électorale, confrontée à un déficit de vision et de stratégie politique : Élections législatives de décembre 2025 : Quel argument pour le PPA-CI de Laurent Gbagbo et le PDCI-RDA version Tidjane Thiam ? À l’approche des législatives du 27 décembre 2025, une interrogation s’impose : avec quel discours, quelle cohérence et quelle légitimité le PPA-CI et le PDCI-RDA comptent-ils convaincre l’électorat ? Deux mois plus tôt, lors de la présidentielle du 25 octobre, Laurent Gbagbo, figure historique de la politique ivoirienne, et Tidjane Thiam, leader encore en apprentissage, ont choisi de ne pas désigner de dauphins. Une décision lourde de conséquences. Faut-il y voir une abstention coûteuse ? Un repli stratégique devenu erreur politique ? Ou simplement une incapacité à transmettre, à construire une relève, à penser au-delà du moi ? Ce mutisme présidentiel affaiblit considérablement leur position à l’approche des législatives. Comment incarner l’alternance quand on a refusé de se confronter à l’échéance la plus décisive du calendrier électoral ? Comment espérer mobiliser une base électorale quand les revendications essentielles, réforme de la CEI, révision de la liste électorale, réintégration des leaders exclus sont restées sans réponse, sans avancée, sans volonté politique visible ? Une absence de candidature présidentielle qui fragilise la posture législative : Ne pas participer à la présidentielle tout en validant sa présence aux législatives, c’est ce qu’on pourrait appeler, déshabiller Pierre pour habiller Paul. Ce qui est regrettable, c’est que ni Laurent Gbagbo ni Tidjane Thiam ne seront candidats aux législatives, mais donneront leur feu vert à leurs partis pour y participer. Non pas par conviction électorale, mais par crainte de voir émerger des candidatures indépendantes en leur sein et de provoquer une fragmentation interne. Comment justifier un retour dans le jeu électoral sans avoir assumé, ni même affronté, le combat présidentiel ? Ce paradoxe stratégique, ce repli tactique, ce silence calculé… tout cela s’apparente à une manœuvre politique sans cap, sans vision et sans courage institutionnel. Législative : 63 jours pour convaincre, mobiliser et exister politiquement Entre le samedi 25 octobre (présidentielle) et le samedi 27 décembre (législatives), il s’écoule 63 jours. 63 jours pour construire un discours cohérent. 63 jours pour mobiliser une base démobilisée. 63 jours pour exister politiquement, après avoir déserté l’échéance majeure. Volet 2 : PPA-CI – PDCI-RDA : Une alliance sans vision claire, en quête de cohérence Le PPA-CI et le PDCI-RDA affichent un front commun, mais derrière cette façade unitaire, les fractures sont profondes. Car, au fond, les problèmes politiques du PPA-CI et ceux du PDCI-RDA sont fondamentalement différents, tant dans leur nature que dans leur gestion interne. L’un est en quête de légitimité historique, l’autre cherche une renaissance institutionnelle. L’un s’appuie sur un leader charismatique en retrait, l’autre sur un dirigeant encore en construction. Cette alliance, née d’un calcul électoral, manque de vision partagée, de stratégie coordonnée et de cohérence idéologique. Tôt ou tard, le front commun risque de devenir un front divisé. Et si les divergences ne sont pas clarifiées, assumées et dépassées, cette union pourrait se transformer en désunion stratégique au détriment de l’alternance et au profit du statu quo. Volet 3 : PPA-CI – PDCI-RDA : Une alliance face à ses contradictions stratégiques : Le PPA-CI et le PDCI-RDA se retrouvent aujourd’hui à la croisée des chemins, confrontés à un dilemme politique majeur : Comment revendiquer une légitimité électorale sans avoir incarné l’alternance présidentielle ? Comment participer à une législative avec les mêmes institutions qu’ils ont longtemps contestées ? Comment mobiliser sans avoir transmis ni préparé une relève crédible ? Cette alliance, qui suscite encore l’espoir chez certains militants, risque de s’essouffler si elle ne clarifie pas ses intentions et ne redéfinit pas sa stratégie. Car pour survivre politiquement, elle devra répondre à une question essentielle que se posent de nombreux Ivoiriens : Pourquoi le PPA-CI et le PDCI-RDA n’ont-ils pas consenti à des concessions alternatives pour participer à la présidentielle du 25 octobre 2025, alors qu’ils en feront pour les législatives du 27 décembre ? Une deuxième interrogation cruciale s’impose : Comment le PPA-CI et le PDCI-RDA peuvent-ils espérer mobiliser leurs bases, justifier leur absence à la présidentielle, et bâtir une stratégie électorale cohérente, alors même que leurs leaders respectifs ont sciemment refusé de désigner un successeur ou un remplaçant pour l’échéance du 25 octobre 2025 ? Ce vide assumé au sommet interroge : est-ce un choix stratégique ou un aveu d’impréparation ? Dans un contexte sous lequel l’alternance se construit aussi par la transmission, cette absence de relais fragilise la dynamique militante, brouille le message politique et affaiblit la crédibilité de l’alliance. Comment convaincre les électeurs de s’engager dans une bataille législative, quand la bataille présidentielle a été esquivée ? Une dynamique législative en quête de leadership politique : Enfin, une troisième interrogation s’impose : comment convaincre les électeurs de s’engager dans une dynamique législative crédible, alors que l’alternance n’a ni visage ni structure claire ? L’absence de leadership affirmé, de transmission politique assumée et de vision commune fragilise la mobilisation. Le PPA-CI et le PDCI-RDA peinent à incarner une relève cohérente face à leur adversaire politique majeur, le RHDP. Sans renouvellement des élites ni stratégie lisible, leur capacité à se projeter dans l’avenir reste incertaine. Et dans une Côte d’Ivoire électoralement éveillée, les discours ne suffisent plus : seule une alternance incarnée peut rallier les suffrages. Volet 4 : Le PPA-CI et le PDCI-RDA vont-ils se dédire honteusement en participant aux législatives après avoir boycotté la présidentielle ? Après avoir boycotté la présidentielle du 25 octobre 2025, dénonçant une CEI jugée partiale, une liste électorale non révisée et leur propre exclusion du corps électoral, le PPA-CI et le PDCI-RDA se retrouvent face à un dilemme politique majeur : participer aux législatives du 27 décembre dans les mêmes conditions qu’ils ont rejetées deux mois plus tôt. Cette posture soulève une question brûlante : vont-ils se dédire publiquement en validant un processus électoral qu’ils ont eux-mêmes contesté ? Pour certains, c’est une contradiction embarrassante, un reniement politique. Pour d’autres, c’est une tentative de rester dans le jeu, de sauver ce qui peut l’être en espérant peser à l’Assemblée nationale. Une manœuvre tactique qui ressemble à déshabiller Pierre pour habiller Paul. Mais si cette participation se confirme, elle devra être expliquée avec finesse et cohérence. Car comment justifier auprès des militants qu’on refuse la présidentielle mais qu’on accepte les législatives, sans avoir obtenu gain de cause sur les revendications fondamentales ? Ce revirement risque de fragiliser leur crédibilité, de semer le doute dans leurs bases, et d’exposer les limites d’une alliance déjà contestée. Volet 5 : Si leur participation aux législatives se confirmait, comment les Ivoiriens jugeront-ils Laurent Gbagbo et Tidjane Thiam au-delà des cercles militants ? Si le PPA-CI et le PDCI-RDA participent aux législatives de décembre 2025 après avoir boycotté la présidentielle du 25 octobre, les Ivoiriens ne se contenteront pas d’un regard partisan. Ce revirement, dans un contexte électoral inchangé, interrogera la cohérence politique de leurs leaders : Gbagbo, figure historique, et Thiam, novice sans expérience électorale. Une contradiction qui risque d’éroder leur crédibilité nationale. Pour une partie de l’opinion publique, cette posture pourrait être perçue comme une contradiction embarrassante, voire une manœuvre opportuniste. Refuser la présidentielle au nom de principes, puis accepter les législatives sans conditions nouvelles, risque d’éroder la crédibilité des deux partis. Les électeurs, au-delà des cercles militants, jugeront non seulement les actes, mais aussi la capacité des leaders à incarner une vision claire, constante et courageuse. D’autres Ivoiriens, plus pragmatiques, pourraient y voir une tentative de rester dans le jeu électoral, de ne pas disparaître du paysage politique, même au prix d’un compromis. En somme, la participation aux législatives, si elle se confirme, sera jugée à l’aune de la sincérité, de la constance et de la capacité à convaincre au-delà des discours de façade. Et dans une Côte d’Ivoire politiquement éveillée, le regard du peuple sera plus tranchant que celui des militants. Ah, la politique ivoirienne… ses alliances qui nous soulèvent avec espoir, mais nous déposent trop souvent dans l’incertitude. Chronique Par Petrouce Pierre Nicaise GNAGNE (Membre du Bureau Politique du PDCI-RDA-Analyste politique – Chroniqueur – Éditorialiste -Consultant en Stratégie Électorale et Gouvernance). Ledebativoirien.net Sauf autorisation de la rédaction ou partenariat pré-établi, la reprise des articles de même partielle, est strictement interdite. Tout contrevenant s’expose à des poursuites. En savoir plus sur LE DEBAT IVOIRIEN Subscribe to get the latest posts sent to your email.",2025-10-14 13:39:00,Ledebativoirien,France,Democratic Interference,Politic,Cynical,Côte d'Ivoire,https://www.ledebativoirien.net/pdci-rda-ppa-ci-et-les-legislatives-de-decembre-2025-vont-ils-troquer-le-fauteuil-presidentiel-contre-le-banc-parlementaire-petrouce/,4
"Annoncer à un enfant sa propre maladie et les changements que cela implique peut s’avérer difficile. Pourtant, cette étape peut être cruciale pour l’acceptation de la prise en charge et l’adhésion aux traitements. Elle nécessite un savoir-faire en termes de pédagogie et de temporalité, d’adaptation du discours, sans pour autant négliger la transparence et l’information due à tout patient, quel que soit son âge. Comment aborder le sujet ? Doit-on dédramatiser ou parler sans tabou de la gravité de la pathologie ? Comment aider la famille face à ce défi, pour éviter les incompréhensions et parfois, les traumatismes ? - Pr Patrick Tounian, pédiatre, chef du service de Nutrition et gastroentérologie pédiatriques à l’Hôpital Trousseau-APHP à Paris. Président de l’Association des pédiatres de langue française. Vice-président de la Société Française de Pédiatrie. Auteur de l’ouvrage Réponses à toutes les questions que vous vous posez sur l’alimentation de votre enfant, aux éditions Odile Jacob. - Sandrine Paulmin, infirmière au service de Nutrition et gastroentérologie pédiatriques à l’Hôpital Trousseau-APHP à Paris. - Pr Madeleine Amorissani Folquet, chef de Service de Pédiatrie Médicale du CHU de Cocody à Abidjan en Côte d’Ivoire. Directrice du Diplôme En Spécialisation de Pédiatrie en Côte d’Ivoire ; présidente de la Société Ivoirienne de Pédiatrie et présidente du Réseau EVA (Enfant et VIH en Afrique). - Reportage de Thibault Matha. Programmation musicale : ► Sabrina - Jejely ► Sly and the family stone – Family affair [SUR YOUTUBE] NewsletterRecevez toute l'actualité internationale directement dans votre boite mail Je m'abonne",2025-10-14 13:24:00,Rfi,France,Cultural Hegemony,Health,Factual,Côte d'Ivoire,https://www.rfi.fr/fr/podcasts/priorit%C3%A9-sant%C3%A9/20251014-parler-de-la-maladie-aux-enfants,4
"ABIDJAN (Côte d’Ivoire) : 17ème session d’annonces de… Partager : ABIDJAN (Côte d’Ivoire) : 17ème session d’annonces des contributions pour la reconstitution des ressources du Fonds africain de développement Le Royaume-Uni accueillera la 17e session d’annonces des contributions pour la reconstitution des ressources du Fonds africain de développement, réaffirmant son ferme soutien au Fonds. La baronne Chapman a déclaré que le Royaume-Uni avait l’intention de s’engager fermement et a encouragé tous les partenaires au développement à envisager des contributions ambitieuses pour la 17e reconstitution des ressources du Fonds. Le Royaume-Uni accueillera en décembre prochain, la 17e session d’annonces des contributions pour la reconstitution des ressources du Fonds africain de développement. Cette session réunira les partenaires au développement pour convenir des contributions pour le cycle 2026-2028 du Fonds. La ministre d’État britannique chargée du Développement et de l’Afrique, la baronne Jenny Chapman, a fait cette annonce lors de sa récente rencontre avec le président du Groupe de la Banque africaine de développement, M. Sidi Ould Tah, à New York, en marge de l’Assemblée générale des Nations unies. La baronne Chapman a déclaré que le Royaume-Uni avait l’intention de s’engager fermement et a encouragé tous les partenaires au développement à envisager des contributions ambitieuses pour la 17e reconstitution des ressources du Fonds. « Cette reconstitution des ressources [du Fonds africain de développement] est l’occasion de marquer notre engagement collectif en faveur de la croissance et du développement de l’Afrique, de ses institutions et d’approches innovantes et modernes du financement du développement dans un environnement mondial difficile », a-t-elle souligné. Le Fonds africain de développement est le guichet de financement concessionnel du Groupe de la Banque africaine de développement. Il intervient dans 37 pays africains à faible revenu. Il constitue une source essentielle de financement multilatéral du développement, offrant des dons, des prêts à faible taux d’intérêt et des garanties adaptées aux besoins des pays disposant d’une marge de manœuvre budgétaire limitée. Depuis sa création en 1972, le Fonds africain de développement a octroyé plus de 45 milliards de dollars de financements concessionnels pour aider les pays africains à accroître leurs opportunités et leur résilience. La baronne Chapman a souligné que le Royaume-Uni demeurait un contributeur clé du Fonds, fournissant des engagements financiers substantiels et un engagement stratégique qui aident à soutenir l’impact sur le développement, même dans un contexte de resserrement du budget de l’aide. « Le Groupe de la Banque africaine de développement salue l’annonce par le Royaume-Uni de sa volonté d’accueillir la 17e session d’annonces des contributions pour la reconstitution des ressources du Fonds africain de développement », a déclaré M. Ould Tah, ajoutant : « C’est un appel à la mobilisation pour une solide reconstitution du FAD-17, qui constitue à la fois un investissement dans le développement de l’Afrique et dans une prospérité mondiale partagée ». En amont de la réunion de Londres, les partenaires au développement s’efforceront de faire progresser les innovations financières du Fonds, notamment l’option d’emprunt sur les marchés, qui permettra pour la première fois au Fonds de faire jouer l’effet de levier sur ses ressources propres afin d’accéder aux marchés des capitaux et élargir sa base de financement. Plusieurs pays africains se sont également engagés à contribuer au Fonds, montrant ainsi l’engagement de l’Afrique à investir dans son propre développement et son avenir. La baronne Chapman a également salué la proposition de M. Ould Tah d’organiser au Royaume-Uni une Journée du secteur privé à l’intention des entreprises privées et des institutions de financement du développement afin d’explorer des approches permettant de favoriser les opportunités d’investissement à travers l’Afrique. Cette initiative est alignée sur l’objectif du Fonds africain de développement d’accroître l’engagement du secteur privé dans les pays bénéficiaires. Dans un contexte de tensions économiques et d’incertitudes géopolitiques, les ressources concessionnelles restent essentielles pour préserver les acquis du développement et prévenir les revers dans les environnements fragiles. Au cours de la dernière décennie, le Fonds africain de développement a permis de raccorder plus de 18 millions de personnes à l’électricité et à 11 millions d’agriculteurs d’améliorer la productivité agricole. Il a amélioré l’accès à l’eau et à l’assainissement pour 48 millions de personnes et des transports à plus de 87 millions. En 2021, le Centre for Global Development a salué la qualité de l’aide au développement fournie par le Fonds en le classant deuxième parmi 49 agences de développement bilatérales et multilatérales. Distribué par APO Group pour African Development Bank Group (AfDB).",2025-10-14 11:34:00,Presseagence,France,Economic Dependency,Finance,Factual,Côte d'Ivoire,https://presseagence.fr/abidjan-cote-divoire-17eme-session-dannonces-des-contributions-pour-la-reconstitution-des-ressources-du-fonds-africain-de-developpement/,4
"Les Éléphants sont tout proches d'une qualification directe pour le Mondial. La Côte d'Ivoire occupe actuellement la première place du groupe F de la zone Afrique avec 23 points en 9 matches, sans aucune défaite et aucun but encaissé depuis le début de la campagne. Grâce à leur très large victoire vendredi face aux Seychelles (0-7), les hommes d'Emerse Faé ont fait un grand pas vers les États-Unis, le Mexique et le Canada. Mais rien n'est encore joué, puisque le Gabon, deuxième du groupe avec 22 points, reste juste derrière après sa victoire face à la Gambie (4-3). Une victoire ce mardi garantirait aux Ivoiriens une qualification directe pour la Coupe du monde 2026, ce qui marquerait leur quatrième participation à la compétition, après 2006, 2010 et 2014. En face, le Kenya totalise 12 points après 9 matches et ne peut plus espérer se qualifier. À l'aller, les deux équipes s'étaient séparées sur un match nul 0-0. Cette fois, la Côte d'Ivoire devra faire la différence à domicile pour assurer sa place parmi les qualifiés directs pour le Mondial 2026. Date : mardi 14 octobre Heure : 21 heures Chaîne : le match sera diffusé en direct surL'Équipe live foot",2025-10-14 07:30:00,Lequipe,France,Cultural Hegemony,Sport,Factual,Côte d'Ivoire,https://www.lequipe.fr/Football/Actualites/Cote-d-ivoire-kenya-a-quelle-heure-et-sur-quelle-chaine-suivre-le-match/1600517,4
"Le Président du Front Populaire Ivoirien, Pascal Affi N’Guessan, a reçu une délégation du PDCI-RDA conduite par le député Simon Doh, venue lui porter le message de soutien de sa formation politique suite au siège de son domicile par les forces de l’ordre. Le PDCI-RDA reconforte Affi N’Guessan Le vendredi dernier, le préfet d’Abidjan avait pris un arrêté interdisant la marche de l’opposition rassemblée au sein de la coalition Front Commun et ses partenaires. Pascal Affi N’Guessan s’était montré prompt à réagir à cette interdiction qu’il a qualifiée d’arrêté « illégal » qui n’est pas « opposable aux droits constitutionnels d’un peuple ». La suite : des centaines de manifestants sont descendus dans les rues le samedi 11 septembre avant d’être dispersés par les forces de l’ordre. Plus de 237 manifestants ont été arrêtés par les forces de l’ordre et envoyés en détention. Dans la soirée, le domicile de l’ancien Premier ministre de Laurent Gbagbo a été quadrillé par les forces de l’ordre. Chez Pascal Affi N’Guessan, la tension est ensuite montée entre le président du FPI et les forces de l’ordre avant la levée du siège. Ce lundi, le PDCI-RDA, avec qui il formait la Cap-CI et qui est membre fondateur du Front Commun avec lequel collabore l’ancien chef du gouvernement, s’est rendu à son domicile. Prenant la parole, le député Simon Doh, chef de la délégation, a expliqué qu’il venait apporter le soutien de son parti à l’ancien Premier ministre. Malgré l’appel à la poursuite des manifestations, la ville d’Abidjan est restée calme ce lundi. Les écoles et les différents services étaient ouverts.",2025-10-13 21:19:00,Afrique Sur7,France,Political Influence,Politic,Factual,Côte d'Ivoire,https://www.afrique-sur7.fr/le-pdci-rda-chez-affi-nguessan-apres-le-siege-de-son-domicile-par-les-forces-de-lordre,4
"Le climat politique s’échauffe à l’approche de l’élection présidentielle en Côte d’Ivoire. Le samedi 11 octobre 2025, une marche organisée par le « front commun » de l’opposition ivoirienne a été interdite par les autorités préfectorales. Rapidement dispersé par les forces de l’ordre, le rassemblement a conduit à l’interpellation de 710 personnes, selon le ministère de l’Intérieur. Depuis, d’importantes figures de l’opposition affirment être sous surveillance policière. Ce qui alimente les inquiétudes autour du respect des libertés démocratiques. Une marche interdite et des interpellations massives Le samedi 11 octobre 2025, une marche avait été organisée par le « front commun » de l’opposition, composé principalement du Parti des peuples africains – Côte d’Ivoire (PPA-CI) et du Parti démocratique de Côte d’Ivoire (PDCI). Elle visait, selon les organisateurs, à protester contre les dérives autoritaires du pouvoir en place et d’exiger des garanties pour une élection présidentielle transparente et équitable en 2025. Mais les autorités préfectorales ont rapidement réagi en interdisant ce rassemblement. Dans un arrêté publié la veille, les services administratifs ont justifié cette décision par l’absence de demande formelle préalable et les risques potentiels de troubles à l’ordre public. Malgré cette interdiction, des centaines de militants se sont mobilisés à Abidjan et dans d’autres grandes villes du pays. Les forces de sécurité sont intervenues de manière musclée, procédant à la dispersion des manifestants et à l’arrestation de 710 personnes, un chiffre confirmé par les autorités mais vivement contesté par les partis d’opposition, qui dénoncent une dérive répressive. Des leaders de l’opposition sous surveillance Depuis cette journée de mobilisation avortée, plusieurs cadres du PPA-CI et du PDCI dénoncent une surveillance policière persistante autour de leur domicile. Le président du Conseil stratégique et politique du PPA-CI, Justin Koné Katinan, serait ainsi visé par un important dispositif sécuritaire. Selon une source proche de l’opposant, ce dernier aurait quitté son domicile et se trouverait en lieu sûr. Même constat du côté du PDCI. Noel Akossi Bendjo, coordinateur du parti, a vu sa résidence encerclée par les forces de l’ordre. Le PPA-CI, dans un communiqué publié dimanche, parle d’une « attaque violente » contre le domicile de Bendjo et dénonce « de graves atteintes aux libertés fondamentales ». Ces actions sont perçues par les partis d’opposition comme des tentatives d’intimidation visant à décourager toute mobilisation citoyenne. Un climat politique tendu à l’approche de la Présidentielle Le président du Front populaire ivoirien (FPI), Pascal Affi N’Guessan, s’est également exprimé sur cette situation. Joint par la radio française RFI, il a rapporté que son domicile a été encerclé dans la nuit de dimanche par plusieurs dizaines de policiers. « Ils ont bloqué toutes les issues. Aucun mouvement n’était possible. Ils sont repartis sans un mot vers minuit », a-t-il déclaré. Affi N’Guessan soupçonne que cette opération nocturne soit une réponse à ses critiques publiques contre l’arrêté préfectoral interdisant la marche du 11 octobre. Pour lui, cette pression policière marque une nouvelle escalade dans la répression de l’opposition. Ces événements surviennent dans un contexte de fortes tensions politiques à l’approche du scrutin présidentiel prévu en 2025. L’opposition ivoirienne multiplie les appels au dialogue et à la transparence, tout en dénonçant un climat sécuritaire délétère et une fermeture progressive de l’espace démocratique. La multiplication des interventions policières et les surveillances ciblées suscitent des inquiétudes au sein de la société civile et de la communauté internationale, qui suivent de près l’évolution de la situation politique en Côte d’Ivoire. Des ONG locales appellent déjà à la libération des personnes interpellées et à une enquête indépendante sur les éventuelles violations des droits humains. Vers un durcissement du pouvoir ? Face à ces accusations, le gouvernement ivoirien reste pour l’instant silencieux sur les cas individuels évoqués. Le ministère de l’Intérieur a uniquement confirmé les interpellations liées à la marche interdite, sans commenter les allégations de surveillance des leaders politiques. Cette situation laisse craindre un durcissement progressif du régime, notamment à l’encontre de ses opposants les plus virulents. À huit mois de la Présidentielle, l’enjeu est de maintenir la stabilité sans verser dans l’autoritarisme, tout en garantissant des élections crédibles.",2025-10-13 19:48:00,Afrik,France,Democratic Interference,Politic,Alarmist,Côte d'Ivoire,https://www.afrik.com/presidentielle-en-cote-d-ivoire-tensions-entre-pouvoir-et-opposition-a-la-suite-d-une-marche-interdite,4
"Le Front Commun, constitué des deux principaux partis d’opposition en Côte d’Ivoire, a appelé dimanche à manifester « tous les jours » pour réclamer notamment un dialogue politique. Cette demande intervient alors que la tension politique grandit, à moins de deux semaines de la présidentielle de laquelle leurs candidats sont exclus. À moins de deux semaines de la présidentielle ivoirienne, les deux principaux partis d’opposition en Côte d’Ivoire ont appelé dimanche 12 octobre à manifester « tous les jours » pour réclamer notamment un dialogue politique. Samedi, quelques centaines de personnes avaient répondu à un appel de l’opposition à marcher à Abidjan, mais la manifestation, qui avait été interdite par les autorités, a été dispersée par les forces de l’ordre à coups de gaz lacrymogène. Par ailleurs, 237 personnes ont été interpellées, selon le ministère de l’Intérieur. Les autorités ont interdit toute manifestation critiquant les décisions du Conseil constitutionnel, qui a publié la liste définitive des candidats à la présidentielle du 25 octobre. Le Conseil a validé la candidature du chef de l’État Alassane Ouattara, en lice pour un quatrième mandat, mais pas celles de l’ex-président Laurent Gbabgo (2000-2011) ni de Tidjane Thiam, ses deux principaux rivaux, exclus par des décisions de justice. L’opposition dénonce « la répression sauvage du régime » « Les manifestations pour la démocratie, la justice et la paix se poursuivront tous les jours et sur toute l’étendue du territoire, jusqu’à la satisfaction des revendications par la tenue d’un dialogue politique », a annoncé le Front Commun, qui réunit les deux principaux partis d’opposition, dans un communiqué consulté dimanche par l’AFP. Ces deux mouvements sont le Parti démocratique de Côte d’Ivoire (PDCI) de Tidjane Thiam, première force d’opposition, et le Parti des peuples africains – Côte d’Ivoire (PPA-CI) de Laurent Gbagbo. Les deux partis, qui font état de « nombreux blessés » samedi 11 octobre, « réaffirment leur ferme volonté de ne point se laisser ni intimider ni distraire par la répression sauvage du régime ». Le Front Commun, qui proteste également contre un quatrième mandat d’Alassane Ouattara, l’estimant inconstitutionnel, appelle « à la non-violence, au calme et au sang-froid ». Les cadres de l’opposition n’ont pas été vus pendant la manifestation de samedi. La résidence d’un ancien Premier ministre encerclée par la police Le climat politique s’est un peu plus tendu depuis la manifestation. Dimanche soir, plusieurs camions de police se sont positionnés pendant quelques heures devant la résidence de l’ancien Premier ministre Pascal Affi N’Guessan (2000-2003), dont la candidature à la présidentielle a également été rejetée. Pascal Affi N’Guessan a indiqué à l’AFP tard dimanche soir que le « blocus » de son domicile avait été « levé », après des échanges houleux avec les forces de l’ordre. Selon des cadres du PDCI, des forces de l’ordre ont également tenté de pénétrer samedi soir dans le domicile de Noël Akossi Bendjo, l’un des vice-présidents du parti, pour l’arrêter, mais ce dernier était absent. De son côté, la figure de la société civile Pulchérie Gbalet, proche de l’opposition, a appelé dimanche à « tout bloquer dans le pays », dans une vidéo diffusée sur Facebook. Elle a dit souhaiter qu' »à partir de demain, 13 octobre 2025, il n’y ait plus d’activités dans ce pays, tant que le pouvoir en place n’accepte pas d’appeler au dialogue tous les acteurs politiques ». « Nous décrétons le gel de la campagne électorale », a-t-elle lancé. La campagne, qui voit s’affronter cinq candidats, s’est ouverte vendredi pour une durée de 14 jours. Quatre candidats d’opposition sont qualifiés pour affronter Alassane Ouattara, au pouvoir depuis 2011 : l’ex-ministre du Commerce Jean-Louis Billon, dissident du PDCI, Henriette Lagou, déjà candidate en 2015, et deux anciens compagnons de route de Laurent Gbagbo en rupture avec lui – son ex-épouse Simone Ehivet Gbagbo et l’ex-ministre Ahoua Don Mello. Avec AFP",2025-10-13 19:03:00,Savoirnews,France,Democratic Interference,Politic,Factual,Côte d'Ivoire,https://www.savoirnews.net/blog/2025/10/13/presidentielle-en-cote-divoire-des-partis-dopposition-appellent-a-manifester-tous-les-jours/,4
"Présidentielle en Côte d’Ivoire: des cadres des partis PDCI et PPA-CI disent être sous surveillance policière En Côte d’Ivoire, le « front commun » formé par les partis PPA-CI et PDCI appelait à une marche, samedi 11 octobre. Une marche interdite par les autorités préfectorales et rapidement dispersée par les forces de l’ordre. À ce stade, 710 personnes ont été interpellées, selon le ministère de l’Intérieur. Et depuis, des leaders de ces deux formations politiques affirment être placés sous surveillance policière. Publié le : Modifié le : Avec notre correspondante à Abidjan, Bineta Diagne À ce stade, il n’y a pas eu d’arrestation de leaders de l’opposition en Côte d'Ivoire. Mais un dispositif policier a été déployé, selon l’opposition, autour des maisons de certaines personnalités politiques. C’est le cas de Justin Koné Katinan, le président du Conseil stratégique et politique du Parti des peuples africains – Côte d'Ivoire (PPA-CI). « Katinan est ailleurs en sécurité », indique une source dans son entourage. Même situation pour Noel Akossi Bendjo, le coordinateur du Parti démocratique de Côte d'Ivoire (PDCI) : dans un communiqué, le PPA-CI dénonce « une attaque violente » de son domicile. Ce parti dénonce par ailleurs « de graves atteintes aux libertés fondamentales », lit-on dans un communiqué. Même indignation exprimée par Pascal Affi N’Guessan, le président du Front populaire ivoirien (FPI) : joint par RFI, ce leader évoque la présence dimanche dans la nuit, de dizaines d’éléments des forces de sécurité qui ont encerclé, selon lui, son domicile, bloquant toute entrée et sortie de chez lui. « Les policiers sont partis vers minuit sans rien dire », affirme-t-il. Pas de raison officielle, mais Pascal Affi N’Guessan établit un lien avec sa dernière prise de position, critiquant l’arrêté préfectoral publié vendredi. À lire aussiCôte d'Ivoire: une marche de l'opposition empêchée à Abidjan Pour rappel, cet arrêté interdisait la marche de l’opposition expliquant qu’aucune demande n’avait été formellement déposée. Ce rassemblement avait été interdit en raison de potentiels « troubles à l’ordre public ». NewsletterRecevez toute l'actualité internationale directement dans votre boite mail Je m'abonne",2025-10-13 15:27:00,Rfi,France,Reputation Damage,Politic,Factual,Côte d'Ivoire,https://www.rfi.fr/fr/afrique/20251013-pr%C3%A9sidentielle-en-c%C3%B4te-d-ivoire-des-cadres-des-partis-pdci-et-ppa-ci-disent-%C3%AAtre-sous-surveillance-polici%C3%A8re,4
"L'opposition ivoirienne dénonce une vague de répression L'opposition ivoirienne dénonce une vague de répression Le parti de Laurent Gbagbo (PPA-CI), a fermement condamné l’attaque du domicile de Noël Akossi Bendjo (photo1), vice-président du PDCI, survenue dans la nuit du 11 au 12 octobre à Abidjan. Il était absent au moment des faits. L'homme a échappé de peu à une tentative d’arrestation, estiment les opposants. Cette opération, qualifiée de ""raid militaire"" par le parti, réalisé par des individus cagoulés et armés, serait l’œuvre des forces de l’ordre (photo 2). ️Les maisons de plusieurs autres militants auraient été assiégées, à en croire les réseaux sociaux. Le Parti des peuples africains – Côte d'Ivoire (PPA-CI) dénonce un régime autoritaire sous Alassane Ouattara et exprime sa solidarité avec le Parti démocratique de Côte d'Ivoire-Rassemblement démocratique africain (PDCI). De son côté, le Front populaire ivoirien (FPI, opposition) rapporte que la résidence de son président, Pascal Affi N’Guessan, a été encerclée par des hommes armés le 12 octobre (vidéo). Dans un contexte tendu avant la présidentielle du 25 octobre 2025, où les candidatures de Gbagbo et Thiam ont été invalidées, le Front commun PPA-CI/PDCI appelle à des marches pacifiques quotidiennes, en orange, malgré l’interdiction des autorités. Environ 237 manifestants ont déjà été arrêtés lors d'une marche interdite. Accusations contre la France Le Parquet d’Abidjan révèle pour sa part des enquêtes sur des financements illicites de l’opposition par des réseaux français , visant à déstabiliser le pays. Une procédure judiciaire est en cours pour établir les responsabilités. Abonnez-vous @sputnik_afrique",2025-10-13 13:51:00,News Pravda,France,Reputation Damage,Politic,Sensationalist,Côte d'Ivoire,https://francais.news-pravda.com/world/2025/10/13/578434.html,4
"À Angré, le RHDP lance la bataille d’Abidjan-Cissé Bacongo galvanise les troupes et confie une mission aux militants : »convaincre, rassembler, gagner » Le dimanche 12 octobre 2025, lendemain du grand meeting de lancement à Daloa de la campagne par le candidat Alassane Ouattara, les militantes et militants du RHDP se sont mobilisés au stade d’Angré pour le meeting de lancement du District autonome d’Abidjan. Cadres, élus, militants et sympathisants du Rassemblement des Houphouëtistes pour la Démocratie et la Paix (RHDP) ont ainsi donné le top départ de la mobilisation pour la réélection du président Alassane Ouattara au soir du scrutin présidentiel du samedi 25 octobre 2025. À cette occasion, hommes et femmes, jeunes et vieux, étaient en rangs serrés, réalisant une démonstration de force et d’unité. L’intervention percutante de Cissé Ibrahim Bacongo, Secrétaire exécutif du parti au pouvoir, a particulièrement électrisé l’assistance. D’emblée, il a rappelé que la candidature d’Alassane Ouattara répondait à une demande des entités significatives des forces vives de la Nation. “Les jeunes ont demandé à Alassane Ouattara d’être candidat. Les femmes lui ont demandé d’être candidat. Les fonctionnaires et les paysans aussi. Il a accepté”, a souligné le ministre, Gouverneur du District autonome d’Abidjan. Poursuivant, le directeur national adjoint de campagne chargé de neuf communes (Port-Bouët, Koumassi, Treichville, Plateau, Cocody, Bingerville, Adjamé, Marcory, Attecoubé) du District autonome d’Abidjan, cadre du RHDP, a rassuré le président de la République du renouvellement de son bail au Palais du Plateau pour un nouveau mandat. « Vous pouvez dormir tranquille. C’est nous qui vous avons demandé d’être candidat. Vous avez accepté d’être candidat. Pour vous, c’est fini. Le reste est à nous », a-t-il lancé sous les acclamations. Dans un plaidoyer vibrant pour les réalisations concrètes du chef de l’État candidat, Cissé Ibrahima Bacongo a opposé la vision de sa formation politique à celle de ses adversaires : « La politique, ce n’est pas du bavardage. La politique, ce n’est pas la propagande. La politique, c’est le concret. La politique, c’est régler les problèmes concrets de la population. Depuis que le président Alassane Ouattara est arrivé au pouvoir, il nous a réconciliés avec la vraie signification du mot politique. La politique, c’est changer la vie des gens. Aujourd’hui, vous allez d’Abidjan à Bouaké par l’autoroute. La Côte d’Ivoire a complètement changé de visage. Que ce soit l’école, l’électrification, la santé, les universités, les routes… Tout a changé dans notre pays. C’est ça, la politique. C’est ce qu’on appelle faire de la politique. C’est ce qu’on appelle gérer un pays ». En outre, le Secrétaire exécutif a lancé un appel solennel au rassemblement, mettant, au passage, les militants en mission : « Rentrez chez vous et parlez à vos voisins qui sont PDCI, qui sont PPA-CI, qui sont FPI et dans les autres partis. Il faut leur chanter le chant de l’amour et de la fraternité. Il faut leur demander de nous rejoindre. Le président Alassane Ouattara a une solution pour chacun ». Fustigeant les critiques sur le nombre de mandats, Cissé Ibrahima Bacongo a recentré le débat sur les priorités des populations : « Il y a des gens qui passent leur temps à dire ‘on ne veut pas de 4ᵉ mandat, on ne veut pas de 20ᵉ mandat’. Il faut dire à ceux-là que nous, on veut plus de routes. On veut beaucoup d’écoles et d’hôpitaux. On veut beaucoup d’universités », a-t-il tranché avant de conclure: “Ils étaient ici, on a vu. Ils n’ont rien créé et ils ne peuvent rien créer.” Avant le message de Cissé Ibrahima Bacongo, orateur vedette du meeting, Issouf Doumbia, porte-parole des directeurs de campagne des neuf communes concernées, a salué le leadership et l’engagement de tous et toutes pour la victoire d’Alassane Ouattara. Éric Taba, coordonnateur de Cocody, a appelé à une grande participation pour assurer une victoire éclatante dès le premier tour. Président du comité d’organisation, Célestin Koala, le coordonnateur adjoint du Rhdp à Cocody, n’a pas fait un long message. Il a simplement exprimé sa gratitude à Cissé Ibrahima Bacongo pour son encadrement politique, son sens de l’écoute et son soutien constant à la coordination du RHDP de Cocody ainsi qu’à celle de tout le District. Il s’est également excusé pour les imperfections et désagréments au cours de l’organisation et de la tenue du meeting. Parmi les cadres présents, outre ceux qui ont pris la parole, l’on notait les ministre Françoise Remarck Laurent Tchagba, les maires François Amichia, Danho Paulin, Farikou Soumahoro, Ballet Narcisse, ainsi que des responsables du parti de Marcory et Port-Bouët. Pour rappel, les électrices et électeurs ivoiriens se rendront aux urnes le samedi 25 octobre 2025 pour choisir le dirigeant de leur nation pour les cinq années à venir. Cinq candidats-le président sortant Alassane Ouattara, porte-étendard du RHDP, Simone Ehivet Gbagbo, Ahoua Don Mello, Jean-Louis Billon et Henriette Lagou- sont en lice pour ravir les suffrages de 8,7 millions d’électeurs. Le District autonome d’Abidjan est la circonscription ayant le plus grand nombre d’électeurs. Avec la grande mobilisation du meeting d’Angré et l’exhortation de Cissé Bacongo à ratisser large, le parti au pouvoir affiche son ambition d’offrir un nouveau mandat à Alassane Ouattara. Ledebativoirien.net Stéphane Beti Sauf autorisation de la rédaction ou partenariat pré-établi, la reprise des articles de même partielle, est strictement interdite. Tout contrevenant s’expose à des poursuites. En savoir plus sur LE DEBAT IVOIRIEN Subscribe to get the latest posts sent to your email.",2025-10-13 13:04:00,Ledebativoirien,France,Political Influence,Politic,Sensationalist,Côte d'Ivoire,https://www.ledebativoirien.net/campagne-du-rhdp-dans-le-district-dabidjan-cisse-bacongo-allez-dire-aux-jeunes-du-pdci-et-du-ppa-ci-qualassane-ouattara-a-une-solution-pour-chacun/,4
"ABIDJAN – La nuit a été longue, trop longue, dans le camp de l’opposition ivoirienne. Entre samedi et dimanche, tandis qu’Abidjan dormait à moitié, deux de ses figures majeures ont été la cible d’opérations d’intimidation d’une rare violence. Le domicile de Noël Akossi Bendjo, numéro deux du PDCI, a été pris d’assaut comme en terrain conquis. Dans le même temps, la résidence d’Affi N’Guessan, leader du FPI, a été encerclée par des hommes armés. À moins de deux semaines du scrutin présidentiel, cette escalade sonne comme un avertissement sans équivoque. Le Parti des peuples africains (PPA-CI) de Laurent Gbagbo a été le premier à réagir. Dans un communiqué, il exprime une profonde indignation face à ce qu’il qualifie de « véritable raid militaire ». Selon le récit du parti, des individus encagoulés et lourdement armés ont défoncé le portail de M. Bendjo avant d’investir les lieux. Le ton est grave et l’émotion palpable. LA SUITE APRÈS LA PUBLICITÉ Des pratiques dénoncées comme “d’un autre âge” L’alliance PPA-CI/PDCI n’a pas tardé à dénoncer ces actes, les qualifiant de « pratiques d’un autre âge » révélatrices « d’un régime autoritaire et liberticide ». La cible est clairement désignée : le pouvoir d’Alassane Ouattara, accusé d’utiliser la force pour museler l’opposition. Dans la même nuit, le FPI a signalé l’encerclement du domicile de son président, Pascal Affi N’Guessan. Ce double incident laisse entrevoir une stratégie coordonnée de pression sur les derniers leaders encore en liberté. Une tension croissante à l’approche du vote Ces événements surviennent dans un climat politique déjà explosif. La présidentielle du 25 octobre se prépare sans Laurent Gbagbo ni Tidjane Thiam, tous deux exclus de la course. Le pouvoir semble décidé à verrouiller le jeu électoral, quitte à user de la contrainte. Malgré l’interdiction de leur marche du 11 octobre, les militants du Front commun PPA-CI/PDCI ont bravé l’ordre, entraînant 237 interpellations. Le ministre de l’Intérieur, le général Vagondo Diomandé, a qualifié ces jeunes manifestants de « totalement irresponsables », preuve du fossé qui s’est creusé entre les camps. Face à la répression, l’opposition prône désormais une résistance pacifique, en arborant la couleur orange. Ce symbole, simple mais puissant, pourrait bien devenir celui du défi dans les rues d’Abidjan. À l’aube d’une élection décisive, la Côte d’Ivoire oscille entre peur et colère.",2025-10-13 12:13:00,Journaldekinshasa,France,Democratic Interference,Politic,Alarmist,Côte d'Ivoire,https://www.journaldekinshasa.com/cote-divoire-tensions-a-abidjan-apres-lattaque-du-domicile-de-noel-akossi-bendjo/,4
"Présidentielle ivoirienne : l'opposition appelle à manifester ""tous les jours"" Le Front Commun, constitué des deux principaux partis d'opposition en Côte d'Ivoire, a appelé dimanche à manifester ""tous les jours"" pour réclamer notamment un dialogue politique. Cette demande intervient alors que la tension politique grandit, à moins de deux semaines de la présidentielle de laquelle leurs candidats sont exclus. À moins de deux semaines de la présidentielle ivoirienne, les deux principaux partis d'opposition en Côte d'Ivoire ont appelé dimanche 12 octobre à manifester ""tous les jours"" pour réclamer notamment un dialogue politique. Samedi, quelques centaines de personnes avaient répondu à un appel de l'opposition à marcher à Abidjan, mais la manifestation, qui avait été interdite par les autorités, a été dispersée par les forces de l'ordre à coups de gaz lacrymogène. Par ailleurs, 237 personnes ont été interpellées, selon le ministère de l'Intérieur. Les autorités ont interdit toute manifestation critiquant les décisions du Conseil constitutionnel, qui a publié la liste définitive des candidats à la présidentielle du 25 octobre. Le Conseil a validé la candidature du chef de l'État Alassane Ouattara, en lice pour un quatrième mandat, mais pas celles de l'ex-président Laurent Gbabgo (2000-2011) ni de Tidjane Thiam, ses deux principaux rivaux, exclus par des décisions de justice. L'opposition dénonce ""la répression sauvage du régime"" ""Les manifestations pour la démocratie, la justice et la paix se poursuivront tous les jours et sur toute l'étendue du territoire, jusqu'à la satisfaction des revendications par la tenue d'un dialogue politique"", a annoncé le Front Commun, qui réunit les deux principaux partis d'opposition, dans un communiqué consulté dimanche par l'AFP. Ces deux mouvements sont le Parti démocratique de Côte d'Ivoire (PDCI) de Tidjane Thiam, première force d'opposition, et le Parti des peuples africains - Côte d'Ivoire (PPA-CI) de Laurent Gbagbo. À lire aussiPrésidentielle en Côte d’Ivoire : le rôle clé de deux institutions chargées d'encadrer le scrutin Les deux partis, qui font état de ""nombreux blessés"" samedi 11 octobre, ""réaffirment leur ferme volonté de ne point se laisser ni intimider ni distraire par la répression sauvage du régime"". Le Front Commun, qui proteste également contre un quatrième mandat d'Alassane Ouattara, l'estimant inconstitutionnel, appelle ""à la non-violence, au calme et au sang-froid"". Les cadres de l'opposition n'ont pas été vus pendant la manifestation de samedi. La résidence d'un ancien Premier ministre encerclée par la police Le climat politique s'est un peu plus tendu depuis la manifestation. Dimanche soir, plusieurs camions de police se sont positionnés pendant quelques heures devant la résidence de l'ancien Premier ministre Pascal Affi N'Guessan (2000-2003), dont la candidature à la présidentielle a également été rejetée. Pascal Affi N'Guessan a indiqué à l'AFP tard dimanche soir que le ""blocus"" de son domicile avait été ""levé"", après des échanges houleux avec les forces de l'ordre. À lire aussiPrésidentielle en Côte d’Ivoire : qui sont les cinq candidats en lice pour le scrutin d’octobre ? Selon des cadres du PDCI, des forces de l'ordre ont également tenté de pénétrer samedi soir dans le domicile de Noël Akossi Bendjo, l'un des vice-présidents du parti, pour l'arrêter, mais ce dernier était absent. De son côté, la figure de la société civile Pulchérie Gbalet, proche de l'opposition, a appelé dimanche à ""tout bloquer dans le pays"", dans une vidéo diffusée sur Facebook. Elle a dit souhaiter qu'""à partir de demain, 13 octobre 2025, il n'y ait plus d'activités dans ce pays, tant que le pouvoir en place n'accepte pas d'appeler au dialogue tous les acteurs politiques"". ""Nous décrétons le gel de la campagne électorale"", a-t-elle lancé. La campagne, qui voit s'affronter cinq candidats, s'est ouverte vendredi pour une durée de 14 jours. Quatre candidats d'opposition sont qualifiés pour affronter Alassane Ouattara, au pouvoir depuis 2011 : l'ex-ministre du Commerce Jean-Louis Billon, dissident du PDCI, Henriette Lagou, déjà candidate en 2015, et deux anciens compagnons de route de Laurent Gbagbo en rupture avec lui – son ex-épouse Simone Ehivet Gbagbo et l'ex-ministre Ahoua Don Mello. Avec AFP",2025-10-13 11:24:00,France24,France,Democratic Interference,Politic,Factual,Côte d'Ivoire,https://www.france24.com/fr/afrique/20251013-pr%C3%A9sidentielle-ivoirienne-opposition-appelle-manifestation,4
"Le consulat honoraire du Bénin à Abidjan invite ses compatriotes à la prudence et à la neutralité en pleine tension électorale ivoirienne. À moins de deux semaines du scrutin présidentiel prévu pour le 25 octobre 2025, la tension monte en Côte d’Ivoire. Face à la crispation politique et aux heurts observés à Abidjan, le Consulat honoraire du Bénin a publié, ce dimanche 12 octobre, un communiqué exhortant les ressortissants béninois résidant sur le territoire ivoirien à adopter une attitude exemplaire de réserve et de neutralité. Une posture de « discrétion et sagesse » recommandée Dans son message adressé à la communauté béninoise, le consul rappelle la nécessité de demeurer en dehors de toute forme d’implication dans la vie politique ivoirienne, surtout en cette période de forte polarisation. « Réserve, respect et neutralité » : tels sont les maîtres-mots du communiqué, qui en appelle à la « discrétion, la sagesse et la parfaite intégration », des qualités traditionnellement associées à la diaspora béninoise en Côte d’Ivoire. L’appel du consulat s’inscrit dans une logique préventive, alors que les tensions entre partisans du pouvoir et ceux de l’opposition gagnent du terrain à l’approche du scrutin. La représentation diplomatique béninoise souligne que la sécurité et l’image de la communauté béninoise dépendent du respect strict de ces consignes. Prière et solidarité spirituelle pour la paix Au-delà des recommandations de prudence, le message du consul revêt également une dimension spirituelle. Il invite les ressortissants béninois à « accompagner le peuple ivoirien par des prières quotidiennes dans les mosquées et les églises », afin que l’élection présidentielle se déroule « dans la paix et la sérénité ». Ce geste, à la fois symbolique et fraternel, vise à réaffirmer les liens de proximité entre les deux peuples et à encourager un climat apaisé dans un pays où résident plusieurs milliers de Béninois, pour la plupart commerçants, enseignants ou travailleurs indépendants. La campagne électorale, entamée vendredi, se déroule dans un climat tendu. Cinq candidats sont en lice pour succéder au Président sortant. Le samedi 11 octobre, des échauffourées ont éclaté dans plusieurs quartiers d’Abidjan après que l’opposition a maintenu son appel à manifester, malgré l’interdiction émise par le préfet de la ville. Selon le ministre ivoirien de la Sécurité, 237 personnes ont été interpellées à la suite de ces incidents et seront présentées à la justice. Si le calme est revenu dans la soirée, l’opposition a d’ores et déjà annoncé une nouvelle mobilisation dans les jours à venir, maintenant la pression sur le pouvoir en place. Une vigilance diplomatique accrue Dans ce climat incertain, le message du consulat du Bénin s’ajoute à une série de mises en garde similaires émises par d’autres représentations diplomatiques africaines, qui redoutent des débordements pouvant affecter leurs ressortissants. Le rappel à la réserve des Béninois d’Abidjan illustre la vigilance des autorités consulaires face à une situation où la moindre provocation peut être source de malentendus ou de violences. À mesure que la date du scrutin approche, la Côte d’Ivoire retient son souffle. Entre appels à la paix, tensions politiques et vigilance diplomatique, chacun tente d’éviter un scénario de crise dans un pays encore marqué par les souvenirs douloureux des violences postélectorales de 2010.",2025-10-13 09:45:00,Afrik,France,Reputation Damage,Diplomacy,Factual,Côte d'Ivoire,https://www.afrik.com/le-consulat-honoraire-du-benin-a-abidjan-invite-ses-compatriotes-a-la-prudence-et-a-la-neutralite-en-pleine-tension-electorale-ivoirienne,4
"La Fabrique du Lumpenprolétariat Comment les Systèmes Sociaux capitalistes engendrent une population marginalisée Dans la théorie marxiste, le lumpenprolétariat désigne cette couche sociale marginalisée, souvent exclue du marché du travail formel, vivant de petits boulots précaires, de l'économie informelle ou même de la délinquance. Contrairement à ce que l'on observe dans des pays comme la France, où le lumpen reste une marge (avec un coefficient de Gini autour de 30 en 2024, indiquant une inégalité modérée), certains États très inégalitaires transforment cette marginalité en phénomène de masse. Ici, les systèmes sociaux – marqués par la corruption, et l'absence de filets de sécurité – ""fabriquent"" activement une majorité lumpenisée. Cet article explore ce processus à travers des exemples concrets, en s'appuyant sur des données récentes sur l'inégalité des revenus, tout en intégrant la dimension de l'immigration : comment une partie du lumpen en France est ""importée"" de pays à forte inégalité, et comment cette population peut poser des défis pour les travailleurs locaux comme dans leurs pays d'origine. Le Mécanisme de la ""Fabrique"" : Inégalité Structurelle et Exclusion Systémique L'inégalité n'est pas un accident ; elle est souvent le produit de politiques et de systèmes sociaux qui concentrent les richesses chez une élite tout en excluant les masses. Le coefficient de Gini, qui mesure l'inégalité sur une échelle de 0 (égalité parfaite) à 100 (inégalité totale), est un indicateur clé. Dans les pays où il dépasse 50, comme en Afrique du Sud (63,0) ou en Namibie (59,1), l'inégalité crée un cercle vicieux : manque d'accès à l'éducation et à la santé, chômage chronique, urbanisation chaotique et dépendance à l'économie informelle. Cela engendre une ""sous-classe"" permanente, ou underclass, qui n'est plus une exception mais une norme sociétale. Contrairement à des nations comme la France (Gini de 30,0 en 2024), où des systèmes de redistribution (impôts progressifs, aides sociales) limitent la marginalisation à une minorité, ces pays manquent de mécanismes correctifs. Résultat : une majorité de la population est piégée dans la précarité, alimentant instabilité sociale et violence. L'Importation du Lumpen en France : Immigration depuis des Pays à Forte Inégalité En France, une partie significative du lumpenprolétariat n'est pas uniquement produite localement, mais importée massivement via l'immigration en provenance de pays marqués par de fortes inégalités et de faibles luttes de classes. Dans ces nations, les dirigeants, confrontés à une population ""excédentaire"" – c'est-à-dire une main-d'œuvre non absorbable par une économie sous-développée ou extractiviste – encouragent implicitement l'émigration pour soulager les pressions internes. Selon les données de l'Insee, en 2023, 46 % des immigrés arrivés en France sont nés en Afrique, où de nombreux pays affichent des coefficients de Gini élevés (par exemple, Côte d'Ivoire autour de 41, ou Madagascar à 42,5), reflétant des disparités qui poussent à l'exode. Les principaux pays d'origine incluent l'Algérie (Gini 35), le Maroc (39) et la Tunisie ( 32), mais aussi des États subsahariens comme la Côte d'Ivoire ou l'Afghanistan, où l'absence d'investissements productifs et la corruption exacerbent la précarité. Cette ""exportation"" de population excédentaire arrive en France ""dans les valises de l'immigration"", souvent via des flux familiaux, d'asile ou économiques. Les pouvoirs étrangers se débarrassent ainsi d'une ""classe dangereuse"", comme le lumpenprolétariat qualifié de ""social scum"" par Marx, en transférant leurs surplus démographiques vers d'autres pays pour éviter des troubles internes. Des études montrent que l'émigration peut combler un ""trou fiscal"" dans les régions exportatrices de population, en réduisant les charges sociales et en évitant des investissements dans l'emploi ou l'éducation. Marx lui-même, dans ses écrits, associait déjà les immigrants irlandais au lumpenprolétariat en Angleterre, les voyant comme une couche déracinée et marginalisée issue de la décomposition sociale dans leurs pays d'origine. Dans une perspective marxiste, ce phénomène n'est pas neutre : il transfère une underclass formée par l'inégalité globale, au sein de sociétés culturellement aux antipodes des sociétés plus égalitaires, où elle peut s'intégrer difficilement en raison des différences de mœurs, du manque d'éducation et de compétences adaptées. Les immigrés récents sont souvent moins diplômés, comme ceux de Turquie (56-57 % sans diplôme supérieur), renforçant leur vulnérabilité à la précarité en France. Le Danger pour les Travailleurs : Une Population Marginalisée prédatrice sur les Vulnérables Cette population immigrée, souvent décrite dans les concepts marxistes comme ""sans foi ni loi ni éducation"" – une expression issue de la vision de Marx sur le lumpen comme dénué de conscience de classe et propice à la délinquance – constitue un danger potentiel pour les travailleurs, tant en France que dans leurs pays d'origine. Dans la théorie marxiste (issue des études historiques ), le lumpenprolétariat n'est pas révolutionnaire ; au contraire, il peut être manipulé par les élites ou survivre aux dépens des vulnérables, sans jamais menacer les riches ou les très riches. En France, cela se manifeste par une concurrence accrue sur les emplois précaires, une pression sur les services sociaux et une augmentation de la délinquance ciblant les classes populaires plutôt que les élites. Les statistiques montrent une surreprésentation des étrangers dans les infractions (7,4 % de la population mais 14 % des auteurs en 2019), souvent liées à des délits mineurs mais aussi à des crimes avec une surreprésentation de l’utilisation d’armes blanches y compris au sein d établissements scolaires, par une délinquance d’origine étrangère principalement et de plus en plus jeune. Les pouvoirs récepteurs (et des « alliés » étrangers), comme en France, s'en servent pour la division populaire, voire pour une utilisation contre les travailleurs : un terrorisme larvé infectant toute la société et terrorisant les vulnérables (viols, crimes raciaux, tabassages, etc.), en créant une insécurité permanente qui arrange les immigrationistes du pouvoir et la social-démocratie anti-communiste (PS ; LFI etc). Cette insécurité divise la classe ouvrière, opposant natifs et immigrés, et justifie des politiques répressives qui profitent aux élites sans résoudre les racines de l'inégalité. De plus, le lumpen sera utilisé dans la contre-révolution car il roule pour qui paie, comme Marx l'observait lors des événements de 1848 ou avec Bonaparte, où cette couche servait de base à des forces réactionnaires. Dans son pays d'origine, cette couche sociale vit souvent de l'économie informelle ou de la prédation sur les plus pauvres, perpétuant un cycle d'instabilité sans défier les structures de pouvoir. Par exemple, dans des contextes comme le Brésil ou l'Afrique du Sud, le lumpen émerge de l'exclusion et peut alimenter la violence urbaine, touchant principalement les travailleurs et non les capitalistes. Importé en France, ce phénomène risque de diviser la classe ouvrière, en opposant natifs et immigrés, au bénéfice des élites qui échappent à toute perturbation. Exemple 1 : Les Philippines, une Économie Dualiste qui Marginalise les Masses Aux Philippines, avec un Gini de 39,3 (bien que sous-estimé par rapport aux disparités réelles), l'inégalité est ancrée dans un modèle économique dualiste : une élite urbaine prospère grâce aux services et aux investissements étrangers, tandis que les ruraux et les migrants urbains survivent dans l'informel. Les pressions familiales et sociétales exacerbent cela : les familles nombreuses dans les classes pauvres, combinées à un manque d'accès à l'éducation et à la contraception, créent une ""underclass permanente"". La violence augmente avec la pauvreté, et l'absence de filets sociaux (comme des allocations chômage efficaces) pousse des millions vers les bidonvilles de Manille. Ici, le système ""fabrique"" le lumpen en priorisant les exportations (comme les semi-conducteurs) au détriment d'une redistribution équitable, laissant 20-30 % de la population en dessous du seuil de pauvreté extrême. Exemple 2 : Madagascar, l'Extractivisme Prédatoire. À Madagascar, le Gini avoisine les 42,5, mais les inégalités réelles sont plus criantes en raison de la corruption et de l'exploitation des ressources naturelles. Une élite malgache et étrangère contrôle les mines et l'agriculture (vanille, nickel), tandis que la majorité rurale – 80 % de la population – vit de subsistance. Le manque d'infrastructures et d'éducation crée une underclass massive : des enfants non scolarisés deviennent des adultes précarisés, dépendants de l'informel ou de la migration. Les crises climatiques aggravent cela, forçant des déplacements vers des villes surpeuplées comme Antananarivo. Contrairement à la France, où l'État amortit les chocs via des aides, Madagascar ""fabrique"" son lumpen par négligence systémique, corruption massive, perpétuant une pauvreté qui touche plus de 75 % des habitants. Les masses viennent de se révolter spontanément (12/10/2025) contre le pouvoir failli. Exemple 3 : L'Afrique du Sud, l'Apartheid Économique Persistant L'Afrique du Sud détient le record mondial avec un Gini de 63,0 en 2024. L'héritage de l'apartheid a créé une underclass noire massive, exclue des opportunités économiques. Malgré la fin du régime racial en 1994, les inégalités persistent : le chômage touche 33 % de la population active. Les townships comme Soweto illustrent cela : manque d'accès à l'énergie, à l'éducation et aux emplois qualifiés, crée une ""sous-classe"" dépendante des transferts sociaux minimaux. Le système fabrique le lumpen via une concentration des richesses dans les mains d'une élite noire, aggravée par la corruption. Résultat : une majorité marginalisée, contrastant avec la marge française où les aides comme le RSA limitent l'exclusion. Exemple 4 : Le Brésil, Racisme Institutionnel et Favelas comme Usines à Précarité Au Brésil (Gini de 51,6), l'inégalité éducative cimente une underclass afro-brésilienne permanente. Les favelas de Rio ou São Paulo abritent des millions vivant de l'informel, exclus par un ""apartheid éducatif"" : écoles publiques sous-financées vs privées pour l'élite. Le narcotrafic et la violence émergent de cette marginalisation, où le manque de terres et d'emplois pousse à la précarité. Contrairement à des pays « égalitaires », le Brésil ""fabrique"" son lumpen via un capitalisme ""indigne"" qui ignore 30 % de la population active, laissant une majorité en dehors du progrès économique. Conclusion : le développement des luttes de classes est la seule voie pour la conquête de l’égalité sociale. Dans ces nations, le lumpen n'est pas une marge mais une majorité fabriquée par des systèmes capitalistes plus ou moins terroristes qui perpétuent l'inégalité. Tandis que ""chez nous"" (en France ou en Europe occidentale), les luttes des classes ouvrières ont conquis des politiques redistributives qui contiennent le phénomène. L'immigration importe une partie de ce lumpen (aujourd’hui issue de civilisations étrangères à la nôtre), posant des défis pour l'intégration, la cohésion des classes laborieuses et le développement des luttes de classes unitaires. 11 réactions à cet article Ajouter une réaction Pour réagir, identifiez-vous avec votre login / mot de passe, en haut à droite de cette page Si vous n'avez pas de login / mot de passe, vous devez vous inscrire ici. FAIRE UN DON",2025-10-13 08:44:00,Agoravox,France,Migration Control,Economy,Factual,Côte d'Ivoire,https://www.agoravox.fr/tribune-libre/article/la-fabrique-du-lumpenproletariat-263817,4
"L’opposition ivoirienne a appelé au dialogue politique avant la présidentielle de 2025. En 2000 elle appelait également au dialogue politique à la veille de la […] L’opposition ivoirienne a appelé au dialogue politique avant la présidentielle de 2025. En 2000 elle appelait également au dialogue politique à la veille de la […] Il aura fallu attendre les dernières heures avant le scrutin pour que le CODE de Jean-Louis Billon fasse vibrer les fibres militantes du PDCI-RDA. Alors […] Ce lundi 20 octobre 2025, le PDCI-RDA totalise 79 ans, 6 mois et 11 jours d’existence. Un âge vénérable pour un parti qui fut le […] On dit quoi CODE et PDCI ! Quelque chose fait rage autour du candidat Jean-Louis Billon sera face à Alassane Ouattara candidat pour sa propre succession, […] Du boycott présidentiel à une possible participation législative? Pétrouce Gnagne est Citoyen ivoirien engagé, Observateur libre des silences politiques et témoin lucide des stratégies manquées. […] À Angré, le RHDP lance la bataille d’Abidjan-Cissé Bacongo galvanise les troupes et confie une mission aux militants : »convaincre, rassembler, gagner » Le dimanche 12 […] Le Réseau des Reporters photographes, cameraman professionnels et Assimilés de Côte d’Ivoire- REPHOCAPCI, et l’Associations des Parents d’Elèves et Etudiants de Côte d’Ivoire ont procédé […] « Après d’âpres négociations et de lobbying, Je suis enfin heureuse de vous annoncer deux importantes nouvelles. La première, très bientôt, les problèmes d’eau de […] L’honorable TRAORÉ Mariame engagée « pour un avenir égalitaire et prospère pour toutes et tous» « Au cours des cinq dernières années, la Côte d’Ivoire a […] Les enjeux attendus rappelés aux industriels Les ministres, Souleymane Diarrasouba et Jacques Konan Assahoré viennent de réaffirmer leur engagement ferme à mettre fin aux […] Du 11 au 14 mars 2024, à l’institut polytechnique Félix Houphouët Boigny INPHB à Yamoussoukro, la Côte d’Ivoire accueille dans sa capitale politique, la 6è […] « A Monsieur le Directeur de publication de Ledebativoirien.net, édité par Ozyl-Whazney Editions Droit de réponse de la PNCI Dans un article intitulé : « Exclue de […] L’échangeur du « Carrefour MACACI » constitué d’un tablier de section mixte constitué de poutres métalliques avec une largeur totale de 16,30 mètres de 2X2 voies de […] Placé sous le thème »Soutenir les progrès et célébrer une décennie de changement », le 10è Atelier régional du projet de Centres d’Excellence de l’enseignement supérieur […] Accueil",2025-10-13 07:00:00,Ledebativoirien,France,Democratic Interference,Politic,Factual,Côte d'Ivoire,https://www.ledebativoirien.net/?q=apo-group-selected-as-emirates-public-relations-agency-for-africa&pr=358737&lang=fr,4
"Afficher les titres Masquer les titres - À Abidjan – en Côte d’ivoire, l’opposition ivoirienne a haussé le ton face à l’exclusion de ses candidats Laurent Gbagbo et Tidjane (du PPA-CI et du PDCI RDA), et la sourde oreille des autorités ivoiriennes à ses appels à un règlement de la crise. Le Front Commum annonce des jours difficiles dans le pays avec des manifestations jusqu’au 25 octobre. - Un climat politique de plus en plus tendu à l’approche du scrutin - Le PDCI RDA et le PPA-CI dénoncent la répression - Le Front Commun appelle au calme et à la non-violence - Une présidentiellede nouveau sous tension - La résidence de Pascal Affi N’Guessan encerclée par la police À Abidjan – en Côte d’ivoire, l’opposition ivoirienne a haussé le ton face à l’exclusion de ses candidats Laurent Gbagbo et Tidjane (du PPA-CI et du PDCI RDA), et la sourde oreille des autorités ivoiriennes à ses appels à un règlement de la crise. Le Front Commum annonce des jours difficiles dans le pays avec des manifestations jusqu’au 25 octobre. À seulement deux semaines de l’élection présidentielle du 25 octobre 2025, la coalition Front Commun de l’opposition, une alliance entre le PDCI-RDA de Tidjane Thiam et le PPA-CI de Laurent Gbagbo, a annoncé ce dimanche 12 octobre, une mobilisation quotidienne sur l’ensemble du territoire national. Son objectif : obtenir l’ouverture d’un dialogue politique inclusif avant le scrutin présidentiel du 25 octobre. Lire aussi : Marche du Front Commun : Pulchérie GBALET « Restons dans la rue tous les jours » Déjà samedi 11 octobre, plusieurs centaines de manifestants avaient défilé à Abidjan malgré l’interdiction de marcher du Préfet d’Abidjan. Les forces de l’ordre ont dispersé le rassemblement de l’opposition à coups de gaz lacrymogène et procédé à exactement 237 interpellations, selon les dires du Ministre de l’Intérieur M. Vagondo Diomandé. Un climat politique de plus en plus tendu à l’approche du scrutin Les autorités ivoiriennes, elles, ont interdit toute manifestation tentant de remettre en cause les décisions du Conseil constitutionnel, qui a validé la candidature du président Alassane Ouattara pour un quatrième mandat, alors que que la Constitution ivoirienne n’en autorise que 2. Dans le même temps, tous les candidats crédibles : l’ex-Président Laurent Gbagbo (PPA-CI), Tidjane Thiam (PDCI -RDA), le Député Assalé Antoine Tiémoko et bien d’autres ont été recalés. Pour les deux principales partis politiques de l’opposition, cette décision du Conseil Constitutionnel est une atteinte grave à la démocratie et une confiscation du débat politique par le parti au pouvoir le RHDP. « Les manifestations pour la démocratie, la justice et la paix se poursuivront tous les jours jusqu’à la tenue d’un véritable dialogue politique », indique le Front Commun PDCI–PPA-CI dans un communiqué conjoint. Le PDCI RDA et le PPA-CI dénoncent la répression Le PDCI et le PPA-CI affirment aussi que la marche du 11 octobre a fait plusieurs blessés et des arrestations. Ils accusent le régime du Président Alassane Ouattara d’utiliser la force pour museler la contestation populaire. Les manifestants à Abidjan – Côte d’Ivoire – le 11 octobre 2025. Lire aussi : Le Front Commun PPA-CI et PDCI reconduit les marches ! Les partis de Tidjane Thiam et de Laurent Gbagbo réaffirment leur volonté de poursuivre la mobilisation pacifique jusqu’à l’aboutissement de leurs demandes, malgré ce qu’ils qualifient de «répression sauvage». De hauts cadres du PDCI-RDA annonce une tentative d’arrestation de Noël Akossi Bendjo, vice-président du parti présent en Côte d’Ivoire, dans la soirée de samedi après la marche. Celui-ci aurait échappé à cette arrestation grâce à son absence à son domicile à l’arrivée des policiers. Le Front Commun appelle au calme et à la non-violence En même temps qu’ils dénoncent le quatrième mandat inconstitutionnel du Président Ouattara, le Front Commun demande à ses militants d’éviter tout affrontement avec les forces de l’ordre. « Nous appelons à la non-violence, au calme et au sang-froid », a insisté la direction conjointe du PDCI et du PPA-CI. Les leaders de l’opposition, à travers cette pression populaire, espèrent contraindra le pouvoir Ouattara à rouvrir le dialogue avant le vote du 25 octobre prochain. Depuis que le Président Alassane Ouattara est au pouvoir, y compris à son arrivée, les élections sont toujours contestées et émaillées de violences. Lire aussi : Présidentielle en Côte d’Ivoire : les ressortissants béninois appelés à la réserve La crise poste-électorale de 2011 avait provoqué 3000 morts. Son troisième mandat non-constitutionnel de 2020 avait aussi fait plusieurs dizaines de mort, dont un certain Koffi Toussaint qui avait vu sa tête trenchée à Daoukro. Une présidentiellede nouveau sous tension La campagne officielle lancée le 10 octobre opposera Alassane Ouattara quatre candidats : - Alassane Ouattara, président sortant qui brigue un 4ᵉ mandat ; - Jean-Louis Billon, ancien ministre du Commerce en rupture de banc au PDCI ; - Simone Ehivet Gbagbo, ex-première dame, leader de MGC ; - Ahoua Don Mello, ancien ministre proche de Laurent Gbagbo ; - Henriette Lagou, déjà candidate en 2015 et peu connue du paysage politique ivoirien. Dans ce contexte sensible, la Côte d’Ivoire entre de nouveau dans une séquence politique décisive, où la rue pourrait devenir le principal levier d’expression de l’opposition. Laurent Gbagbo, qui avait obtenu le multipartisme face à feu Félix Houphouët-Boigny, promet qu’il n’y aura pas de 4e mandat. Il a assuré qu’il fera tout ce qui est constitutionnellement possible pour éviter un énième viol de la constitution ivoirienne par Alassane Ouattara, son rival de toujours. La résidence de Pascal Affi N’Guessan encerclée par la police Dans la soirée de dimanche, la résidence de Pascal Affi N’Guessan, président du FPI qui a rejoint la coalition Front Commun, a été encerclée par un lourd dispositif de forces de l’ordre. L’opposition envisage de relancer les manifestations ce lundi 13 octobre. Ce qu’il faut retenir : - Le PDCI et le PPA-CI appellent à des manifestations quotidiennes. - La revendication porte sur une nécessité d’un dialogue politique avant la présidentielle du 25 octobre 2025. - 237 interpellations ont été interpellée lors de la marche du 11 octobre passé à Abidjan. - Alassane Ouattara est le grand favori du scrutin en l’absence de Laurent Gbagbo et Tidjane Thiam. - L’opposition se montre déterminée à poursuivre la mobilisation pacifique jusqu’à la satisfaction de ses exigences.",2025-10-13 02:32:00,Afrique Sur7,France,Democratic Interference,Politic,Alarmist,Côte d'Ivoire,https://www.afrique-sur7.fr/presidentielle-cote-divoire-pdci-ppa-ci-manifestations-quotidiennes-2025,4
"Urgent : La Côte d'Ivoire accuse la France de financer l'opposition Urgent : La Côte d'Ivoire accuse la France de financer l'opposition COMMUNIQUÉ DU PROCUREUR DE LA RÉPUBLIQUE PRÈS LE TRIBUNAL D’ABIDJAN Abidjan, le lundi 13 octobre 2025 Le Parquet d’Abidjan informe l’opinion nationale qu’il a été porté à sa connaissance des appels émanant de certains responsables politiques, notamment de personnes mal intentionnées, invitant à un blocage général des services publics sur l’ensemble du territoire national. Le Procureur de la République tient à rappeler que de tels appels constituent une entrave grave au fonctionnement régulier des institutions de l’État et sont de nature à compromettre l’ordre public. Les premières investigations menées par les services compétents ont mis en évidence des éléments concordants laissant apparaître des liens de financement illicite entre certains acteurs de l’opposition et des réseaux étrangers, notamment des acteurs français cherchant à influencer la stabilité politique de notre pays. Ces faits, d’une gravité particulière, font l’objet d’une procédure judiciaire ouverte, afin d’établir toutes les responsabilités et d’en tirer les conséquences légales. Le Procureur de la République assure l’ensemble des citoyens que la loi sera appliquée avec la plus grande rigueur à l’encontre de toute personne qui s’opposerait à la vision du Président de la République, Monsieur Alassane Dramane Ouattara. Il appelle, par ailleurs, à la vigilance et au sens des responsabilités de chacun, afin de préserver la paix et la cohésion nationale, qui demeurent des priorités absolues. Pour le Parquet, Le Procureur de la République près le Tribunal d’Abidjan",2025-10-13 01:51:00,News Pravda,France,Sovereignty Erosion,Justice,Alarmist,Côte d'Ivoire,https://francais.news-pravda.com/world/2025/10/13/578101.html,4
"Plus de 230 manifestants arrêtés à la veille de la présidentielle en Côte d'Ivoire Plus de 230 manifestants arrêtés à la veille de la présidentielle en Côte d'Ivoire 237 personnes ont été interpellées, dont des femmes et des jeunes, a annoncé le ministre de l'Intérieur Vagondo Diomandé: ""Certains partis d'opposition qui n'ont pas été retenus pour la présidentielle ont demandé à leurs partisans de sortir pour une marche, malgré l'interdiction formulée par le préfet d'Abidjan"". Le ministre a aussi fustigé des ""jeunes gens irresponsables qui ont été envoyés dans la rue pour ériger des barricades"". Contexte: Sur 60 candidats à l'élection, seuls 5 ont été retenus, dont le Président sortant Alassane Ouattara, aux manettes depuis 2011. Tensions aussi autour de l'ancien Président Laurent Gbagbo, interdit de candidature. Premier tour: le 25 octobre.",2025-10-12 21:44:00,News Pravda,France,Democratic Interference,Politic,Factual,Côte d'Ivoire,https://francais.news-pravda.com/ue/2025/10/12/577974.html,4
"Une réunion des préparatifs du lancement officiel de la campagne des élections présidentielle du 25 octobre 2025, présidée par le ministre Koné Amadou député maire de la commune de Bouaké directeur de campagne chargé de la région de Gbêkê s’est tenue le samedi 11 octobre 2025. Koné Amadou y a fait un grand déballage du programme du candidat Alassane Ouattara candidat du RHDP. Les grands projets réalisés par son mentor ont été évoqués : infrastructures routières, Sanitaires, Éducation, sécurité, défense, culturelles sans oublier l’économie qui reste le pilier du développement. Le directeur de campagne chargé de la région de Gbêkê a annoncé la ligne du train rapide qui va rallier Bouaké-Abidjan. Un projet qui sera très bientôt réalisé. Le Directeur de campagne chargé de la région de Gbêkê Koné Amadou a aussi fait le point de l’électrification des villages qui de 1960 en 2011 était à 3% ; c’est-à dire sur 100 villages il n’y avait que 28 couvert en réseau électrique. Aujourd’hui en 2025 la région est couverte à 97, 6%. Il promet qu’à la fin de l’année 2025 région de Gbêkê sera couvert à 100% de son réseau électrique. Il aussi annoncé un grand projet d’adduction en eau potable lancé qui bientôt couvrira toute la région. Il a alors invité la jeunesse à une grande mobilisation, ce dimanche pour le lancement officiel de la campagne dans la région du Gbêkê à Bouaké, car pour lui « c’est à cette jeunesse que le président candidat Alassane Ouattara a confié sa campagne. En passant bien sûr par les mouvements, et clubs de soutien ». Le Directeur de campagne du candidat du RHDP chargé de la région de Gbêkê demande à cette jeunesse de « ne pas répondre à la provocation de ceux qui veulent voir ce pays brûler. Bouaké n’en a pas besoin » car pour lui la région vient de loin. Toute la population du Gbêkê répond ce dimanche matin 12 octobre au grand meeting de lancement de la campagne au stade Alassane Ouattara de Bouaké. Ledebativoirien.net Diomandé Vassindou Sauf autorisation de la rédaction ou partenariat pré-établi, la reprise des articles de même partielle, est strictement interdite. Tout contrevenant s’expose à des poursuites. En savoir plus sur LE DEBAT IVOIRIEN Subscribe to get the latest posts sent to your email.",2025-10-12 20:49:00,Ledebativoirien,France,Political Influence,Politic,Factual,Côte d'Ivoire,https://www.ledebativoirien.net/reunion-politique-du-rhdp-a-bouake-amadou-kone-met-le-gbeke-en-campagne-ce-dimanche-12-octobre/,4
"En raison de la situation électorale tendue en Côte d’Ivoire, le Consulat honoraire du Bénin donne des consignes aux ressortissants béninois dans le pays. Dans un communiqué adressé à la communauté béninoise ce dimanche 12 octobre, le consul indique la ligne à suivre. Côte d’Ivoire : message important à la communauté béninoise Réserve, respect et neutralité : c’est la posture que les ressortissants béninois en Côte d’Ivoire sont invités à adopter en cette période électorale. Le consul rappelle à tous qu’il est important de garder la « discrétion, la sagesse et la parfaite intégration ». Des qualités de vivre-ensemble reconnues à la communauté béninoise. Par ailleurs, la communauté béninoise est invitée à accompagner le peuple ivoirien avec des prières quotidiennes dans les mosquées et les églises, « afin que l’élection présidentielle se déroule dans la paix et la sérénité ». A lire aussi : Bénin : Air Côte d’Ivoire condamnée pour la perte de la valise d’un pharmacien L’élection présidentielle est prévue pour le 25 octobre prochain. Les cinq candidats en lice sont actuellement en campagne. Le samedi 11 octobre, des échauffourées constaté dans quelques quartier d’Abidjan suite à la décision de l’opposition de marcher malgré l’interdiction du préfet d’Abidjan. Le Ministre de la Sécurité a indiqué que 237 personnes ont été interpellées et seront confiées à la Justice. Le calme est revenu dans la soirée du samedi, mais l’opposition a reconduit la marche.",2025-10-12 19:40:00,Afrique Sur7,France,Democratic Interference,Politic,Factual,Côte d'Ivoire,https://www.afrique-sur7.fr/presidentielle-en-cote-divoire-les-ressortissants-beninois-appeles-a-la-reserve,4
"Le calendrier général de campagne de Simone Gbagbo pour la présidentielle du 25 octobre de 2025 est connu. La campagne électorale a officiellement débuté le 10 octobre 2025 pour les 5 candidats. Simone Gbagbo, candidate du Mouvement des générations capables (MGC), a lancé sa campagne le 11 octobre 2025 lors d’un meeting à Bouaflé à l’espace Tchintchin. Avec un accent mis sur une campagne dénommée « opération porte-à-porte ». Elle y est restée pendant 2 jours jusqu’à ce samedi 11 octobre. Après quoi, elle est revenue à Abidjan. Ce dimanche 12 octobre, elle était au culte dans une église à Yopougon. Ensuite le temps de préparer le déploiement de ses équipes dans le centre-ouest, le nord et l’ouest du pays. Ce lundi, elle marque une pause. Après le repos, mardi, ses équipes seront à Gagnoa et ensuite à Guibéroua. Un meeting y sera animé. Et le cap sera mis sur Yamoussoukro. Dans la capitale politique le mercredi 15 octobre, elle tiendra une rencontre avec les chefs traditionnels de Yakro, de Toumodi et de Djekanou. Avant de faire leur pied à terre à Bouaké. Un meeting y aura lieu avant de se retrouver à Katiola. Le jeudi 16, l’équipe de l’ex-Première dame fera un crochet à Korhogo avant de revenir à Katiola pour un meeting. Le lendemain, vendredi, c’est Duekoué qui les accueillira. Après les civilités, un tour à Man et retour samedi 18 octobre à Duekoué pour un meeting. Le dimanche 19 octobre, ils quitteront Duekoué pour Abidjan. Le lundi 20 sera consacré au repos et à la coordination interne. Le mardi 21, toute l’équipe se retrouvera à Adzopé où un meeting sera animé. Après quoi, l’équipée revient à Abobo pour une rencontre avec les chefs traditionnels et les militants du MGC. Le lendemain mercredi, ils seront du côté de Treichville et de Yopougon. Dans la plus grande commune, Simone Gbagbo aura un meeting avec des femmes. Pour le clou de sa pêche aux voix le 23 octobre, Simone Gbagbo mettra le cap sur Aboisso. Dans cette ville au sud d’Abidjan, après des rencontres avec le préfet et les chefs traditionnels, l’ex-épouse de Laurent Gbagbo tiendra « grand meeting de clôture de la campagne ». Pendant sa campagne donc Simone Gbagbo mettra l’accent sur une mobilisation de terrain. Son programme politique s’articule autour de la réconciliation nationale, la transformation économique, notamment l’agriculture et l’industrialisation, et la souveraineté nationale. Stéphane Badobré",2025-10-12 19:19:00,Ivoireactu,France,Democratic Interference,Politic,Factual,Côte d'Ivoire,https://www.ivoireactu.net/presidentielle-2025-simone-gbagbo-deroule-un-programme-charge/,4
"Le jeune prodige ivoirien HIMRA continue de faire parler de lui. Après le succès retentissant de son titre « Dans le dos » en featuring avec Ninho, l’artiste s’est confié sur cette collaboration historique qui fait vibrer la scène rap francophone. Dans une récente interview, HIMRA n’a pas caché son admiration pour le rappeur français, le qualifiant de « boss final du jeu », une métaphore qui en dit long sur l’impact de ce duo sur sa carrière. Une collaboration qui marque un tournant Le morceau « Dans le dos », sorti récemment, a rapidement grimpé dans les classements musicaux, se hissant en tête des plateformes de streaming en Afrique francophone, notamment sur Apple Music Côte d’Ivoire. Pour HIMRA, ce featuring avec Ninho n’est pas seulement un accomplissement musical, c’est une validation symbolique. « Ninho est comme le boss final du jeu. Collaborer avec Ninho, à Abidjan, ça me donne un pouvoir ultime », a-t-il déclaré. Ces mots illustrent parfaitement la reconnaissance d’un jeune artiste envers celui qu’il considère comme une référence incontournable du rap francophone. Ninho, un modèle et une inspiration Avec plus de 150 certifications à son actif et une réputation de hitmaker incontestable, Ninho reste une figure dominante de la scène urbaine. Son influence dépasse les frontières françaises, inspirant une génération d’artistes africains, dont HIMRA fait partie. Travailler avec Ninho représente donc pour le jeune ivoirien une consécration artistique et une ouverture vers un public international. HIMRA explique : « Quand j’étais plus jeune, j’écoutais Ninho en boucle. Aujourd’hui, être à ses côtés sur un son, c’est un rêve devenu réalité. » Cette collaboration s’inscrit dans la continuité d’un rap francophone de plus en plus connecté, où les artistes africains s’imposent comme de véritables forces créatives. Un succès qui dépasse la musique Le clip de « Dans le dos », tourné entre Paris et Abidjan, cumule déjà des millions de vues sur YouTube, preuve de l’engouement du public. Le titre séduit autant par son flow que par sa mélodie planante, portée par une production soignée. Mais au-delà des chiffres, c’est le message de détermination et de réussite qui retient l’attention. HIMRA, en collaborant avec Ninho, prouve qu’un artiste africain peut atteindre les plus hauts sommets du rap mondial tout en restant fidèle à ses racines. HIMRA, le nouveau visage du rap ivoirien Originaire d’Abidjan, HIMRA s’impose comme l’un des talents les plus prometteurs de la scène rap africaine. Son style mêle punchlines incisives, mélodies mélancoliques et une authenticité qui séduit un public de plus en plus large. Avec ce featuring, il entre dans une nouvelle dimension et confirme sa place parmi les nouvelles voix à suivre de très près. Une ascension à suivre de près Le duo HIMRA x Ninho démontre qu’une connexion entre Paris et Abidjan peut donner naissance à des hits puissants et universels. Ce featuring, loin d’être un simple coup marketing, symbolise une passation de flambeau entre générations et territoires. Avec son humilité et sa détermination, HIMRA s’impose désormais comme un ambassadeur du rap africain moderne, prêt à conquérir le monde aux côtés des plus grands. A LIRE AUSSI : Ninho lâche une bombe avec Himra : une collaboration qui affole déjà le rap game",2025-10-12 18:00:00,Hiphopcorner,France,Cultural Hegemony,Culture,Sensationalist,Côte d'Ivoire,https://hiphopcorner.fr/himra-parle-de-sa-collaboration-avec-ninho-ninho-est-comme-le-boss-final-du-jeu/,4
"La tension monte à Abidjan. Le Front Commun, alliance du PDCI de Tidjane Thiam et du PPA-CI de Laurent Gbagbo, a appelé dimanche 12 octobre à manifester “tous les jours” sur tout le territoire ivoirien. Objectif : obtenir un dialogue politique à l’approche de la présidentielle du 25 octobre, dont leurs leaders sont exclus. Samedi 11 octobre, une marche interdite a été dispersée à Abidjan à coups de gaz lacrymogène. Le ministère de l’Intérieur a annoncé 237 interpellations, tandis que les partis d’opposition dénoncent “de nombreux blessés” et une “répression sauvage”. Thiam et Gbagbo exclus du scrutin Le Conseil constitutionnel a validé la candidature d’Alassane Ouattara, en lice pour un quatrième mandat, mais rejeté celles de Laurent Gbagbo et de Tidjane Thiam. Une décision jugée “injuste et politique” par leurs partisans, qui contestent la légalité de cette nouvelle candidature du chef de l’État. “Les manifestations pour la démocratie, la justice et la paix se poursuivront tous les jours”, affirme le Front Commun, tout en appelant à la non-violence et au calme. Un climat de plus en plus tendu Selon le PDCI, des forces de l’ordre auraient tenté de pénétrer samedi soir au domicile de Noël Akossi Bendjo, vice-président du parti. La campagne électorale, ouverte vendredi 10 octobre, oppose désormais cinq candidats, dont le président sortant Alassane Ouattara, Jean-Louis Billon, Simone Gbagbo, Ahoua Don Mello et Henriette Lagou. Mais l’opposition historique entend maintenir la pression jusqu’à la veille du scrutin, qu’elle juge déjà “biaisé”. Envie d'afficher votre publicité ? Contactez-nousEnvie d'afficher votre publicité ? Contactez-nous L'espace des commentaires est ouvert aux inscrits. Connectez-vous ou créez un compte pour pouvoir commenter cet article.",2025-10-12 17:34:00,Africaradio,France,Democratic Interference,Politic,Factual,Côte d'Ivoire,https://www.africaradio.com/actualite-111447-presidentielle-2025-en-cote-d-ivoire-l-opposition-appelle-a-manifester-tous-les-jours-contre-le-4e-mandat-de-ouattara,4
"À moins de deux semaines de l’élection présidentielle en Côte d’Ivoire, le pays est secoué par une vague de tensions politiques. Les deux principaux partis d’opposition, unis sous la bannière du Front Commun, ont lancé un appel vibrant à manifester chaque jour pour réclamer justice, démocratie et un dialogue politique inclusif. Mais pourquoi cette mobilisation ? Quels sont les enjeux qui agitent le pays à l’approche de ce scrutin crucial ? Une Élection sous Haute Tension Le 25 octobre, les Ivoiriens se rendront aux urnes pour élire leur président. Mais ce scrutin, loin d’être une simple formalité, cristallise les passions. Le président sortant, Alassane Ouattara, brigue un quatrième mandat, une décision controversée que l’opposition juge inconstitutionnelle. Face à lui, quatre candidats d’opposition ont été autorisés à concourir, mais les figures majeures de l’opposition, Laurent Gbagbo et Tidjane Thiam, ont vu leurs candidatures rejetées par le Conseil constitutionnel. Ce refus a mis le feu aux poudres. L’Opposition Mobilise ses Forces Face à ce qu’ils perçoivent comme une injustice, les deux principaux partis d’opposition, le Parti démocratique de Côte d’Ivoire (PDCI) et le Parti des peuples africains – Côte d’Ivoire (PPA-CI), ont décidé de ne pas rester silencieux. Dans un communiqué commun, ils ont appelé à des manifestations quotidiennes à travers le pays. Leur objectif ? Faire entendre leurs revendications pour un dialogue politique et une élection plus inclusive. Les manifestations pour la démocratie, la justice et la paix se poursuivront tous les jours et sur toute l’étendue du territoire, jusqu’à la satisfaction des revendications. Communiqué du Front Commun Ces manifestations ne sont pas nouvelles. Déjà, samedi dernier, des centaines de personnes ont bravé l’interdiction des autorités pour marcher dans les rues d’Abidjan. La réponse des forces de l’ordre a été musclée : gaz lacrymogène et dispersion des cortèges. Selon les autorités, 237 personnes ont été interpellées lors de cette journée agitée. L’opposition, elle, dénonce une répression brutale et fait état de nombreux blessés. Un Contexte Politique Explosif Le climat politique en Côte d’Ivoire est tendu depuis plusieurs mois. L’exclusion des candidatures de Laurent Gbagbo, ancien président, et de Tidjane Thiam, figure de proue du PDCI, a exacerbé les frustrations. Ces décisions, prises par le Conseil constitutionnel, sont perçues par l’opposition comme une tentative de museler les voix dissidentes. Mais ce n’est pas tout. La candidature d’Alassane Ouattara pour un quatrième mandat est au cœur des critiques. Pour les opposants, cette démarche viole la Constitution, qui limite théoriquement le nombre de mandats présidentiels. Pour mieux comprendre les enjeux, voici les principales revendications de l’opposition : - Inclusion des candidats exclus : L’opposition exige que Laurent Gbagbo et Tidjane Thiam puissent concourir. - Dialogue politique : Une concertation nationale pour garantir des élections transparentes et équitables. - Respect des droits démocratiques : Fin de la répression des manifestations et respect de la liberté d’expression. Ces revendications, portées par le Front Commun, traduisent un profond sentiment d’injustice face à un processus électoral qu’ils jugent biaisé. Mais les autorités restent fermes : toute manifestation critiquant les décisions du Conseil constitutionnel est interdite. Une Campagne Électorale sous Surveillance La campagne électorale, ouverte vendredi pour une durée de 14 jours, se déroule dans un climat de suspicion. Cinq candidats sont en lice, mais l’absence de figures majeures de l’opposition limite le champ des débats. Parmi les candidats autorisés, on retrouve : - Jean-Louis Billon, ancien ministre du Commerce et dissident du PDCI. - Simone Ehivet Gbagbo, ex-épouse de Laurent Gbagbo. - Ahoua Don Mello, ancien compagnon de route de Gbagbo. - Henriette Lagou, candidate en 2015. Ces candidats, bien que déterminés, font face à un président sortant qui bénéficie d’une machine politique bien huilée. Alassane Ouattara, au pouvoir depuis 2010, dispose d’un large soutien dans certaines régions, mais son quatrième mandat reste un point de fracture. La Répression en Question Les événements de samedi dernier à Abidjan ont mis en lumière la fermeté des autorités face aux manifestations. L’opposition dénonce une répression sauvage, avec des blessés et des arrestations massives. Un incident notable concerne Noël Akossi Bendjo, vice-président du PDCI, dont le domicile a été visé par une tentative d’arrestation. Heureusement, ce dernier était absent, mais cet épisode illustre l’intensité des tensions. Face à ces accusations, le Front Commun appelle à la non-violence et au calme. Dans leur communiqué, les partis d’opposition insistent sur leur volonté de poursuivre leur combat de manière pacifique, malgré les intimidations. Cette stratégie pourrait-elle apaiser les tensions ou, au contraire, exacerber la répression ? Les Enjeux d’un Dialogue Politique Le cœur des revendications de l’opposition réside dans l’appel à un dialogue politique. Mais qu’entend-on par là ? L’idée est de réunir les différentes forces politiques du pays pour discuter des conditions d’une élection équitable. Ce dialogue pourrait inclure des réformes électorales, une révision des décisions du Conseil constitutionnel et des garanties pour la liberté d’expression. Pour l’opposition, ce dialogue est une condition sine qua non pour restaurer la confiance dans le processus électoral. Sans cela, le risque d’une escalade des tensions est réel. Voici un aperçu des enjeux majeurs : | Enjeu | Description | |---|---| | Transparence électorale | Garantir un scrutin libre et équitable pour tous les candidats. | | Liberté de manifester | Permettre aux citoyens d’exprimer leurs opinions sans crainte de répression. | | Inclusion politique | Permettre à tous les leaders politiques majeurs de participer au scrutin. | Mais les autorités semblent peu enclines à ouvrir ce dialogue. Pour elles, les décisions du Conseil constitutionnel sont définitives, et toute contestation est perçue comme une menace à l’ordre public. Quel Avenir pour la Côte d’Ivoire ? À l’approche du 25 octobre, la Côte d’Ivoire se trouve à un carrefour. Les manifestations quotidiennes promises par l’opposition pourraient maintenir la pression sur le gouvernement, mais elles risquent aussi d’alimenter un cycle de violences. Le pays, marqué par une histoire de crises politiques, aspire à la stabilité, mais les divisions actuelles rendent cet objectif fragile. Les regards sont désormais tournés vers les prochains jours. L’opposition parviendra-t-elle à mobiliser massivement sans provoquer une répression accrue ? Le gouvernement acceptera-t-il d’ouvrir un dialogue pour apaiser les tensions ? Une chose est sûre : l’issue de cette crise aura des répercussions profondes sur l’avenir politique du pays. En attendant, les Ivoiriens observent, espèrent et, pour beaucoup, s’inquiètent. Le scrutin du 25 octobre ne sera pas seulement une élection, mais un test pour la démocratie ivoirienne. Restera-t-elle un modèle pour la région, ou sombrera-t-elle dans une nouvelle période d’instabilité ?",2025-10-12 14:40:00,Viralmag,France,Democratic Interference,Politic,Alarmist,Côte d'Ivoire,https://viralmag.fr/cote-divoire-tensions-politiques-avant-la-presidentielle-3/,4
"Présidentielle au Cameroun – meeting de clôture à Abidjan : le RDPC appelle à continuer avec Paul Biya Publiés récemment Résultats CEI : Ouattara en tête dans 5 circonscriptions de la diaspora Dans la nuit du 25 octobre 2025, la commission électorale indépendante ( CEI ) a proclamé les résultats provisoires de 5 pays où la diaspora ivoirienne a voté. Le candidat du RHDP, Alassane Ouattara est en tête. Le candidat du RHDP Alassane Ouattara prend la tête des premiers résultats diffusés par la CEI : Congo-Brazzaville, […] Jour de vote : Danho Paulin annonce un taux de participation record à Attécoubé Le député-maire de la commune d’Attécoubé et premier vice-gouverneur du district d’Abidjan, Danho Paulin, a annoncé, le samedi 25 octobre 2025, un taux de participation record dans sa commune. Il s’agit d’une estimation établie après avoir sillonné, en matinée et en début d’après-midi, les bureaux de vote de la commune. Selon lui, les électeurs se […] Jour de vote : point des centres de vote à Yopougon ce 25 octobre 2025 Ce samedi 25 octobre 2025, des électeurs et électrices ivoiriens ont pris d’assaut les lieux de vote pour élire leur président de la République pour les 5 années à venir (2025-2030) . Des électeurs de Yopougon ne sont pas restés en marge. En effet, plusieurs lieux de vote, à savoir Lycée Moderne Andokoi, où vote […] Amadou Koné après son vote à Bouaké : « Le 26 octobre, la vie doit continuer dans la paix et la cohésion pour bâtir ensemble une grande Côte d’Ivoire » Le ministre des Transports, Amadou Koné, maire de Bouaké et directeur régional de campagne du candidat Alassane Ouattara pour les régions politiques de Bouaké, comprenant Bouaké sous-préfecture et commune, ainsi que Brobo et Djébonoua a voté ce samedi 25 octobre 2025 à l’EPP Wallebo, dans le quartier Baufor de Bouaké. « Le 26 octobre, la […] Présidentielle ivoirienne – Adama Bictogo : « La Côte d’Ivoire est au-dessus de nos ambitions » « La Côte d’Ivoire est au-dessus de nos ambitions », a affirmé Adama Bictogo après avoir voté lors de l’élection du président de République de Côte d’Ivoire. À l’instar de millions d’Ivoirien sur l’ensemble du pays, le président de l’Assemblée nationale et maire de Yopougon, Adama Bictogo, a voté le samedi 25 octobre 2025, à […] Revue de presse : Alassane Ouattara mise sur une victoire par “KO” Cette revue de presse est dominée par la fin de campagne pour la présidentielle ivoirienne. Le président sortant Alassane Ouattara mise sur une victoire par “KO” et appelle ses partisans à la vigilance. En face, l’opposition par la voix de Charles Blé Goudé appelle à un sursaut aux urnes. En parallèle, les marchés suivent le […]",2025-10-12 14:30:00,Afrikipresse,France,Democratic Interference,Politic,Factual,Côte d'Ivoire,https://www.afrikipresse.fr/article/presidentielle-cameroun-meeting-de-cloture-a-abidjan-le-rdpc-appelle-a-continuer-avec-paul-biya,4
"Fil d'Ariane Les deux partis d'opposition les plus importants en Côte d'Ivoire ont appelé, dimanche 12 octobre, à des manifestations quotidiennes. Leurs candidats ont été exclus de l'élection présidentielle qui aura lieu dans moins de deux semaines. La police arrête un manifestant lors d'affrontements avec des partisans de l'opposition à Abidjan, en Côte d'Ivoire, le samedi 11 octobre 2025. Les deux principaux partis d'opposition en Côte d'Ivoire ont appelé, dimanche 12 octobre, à manifester ""tous les jours"", pour réclamer notamment un dialogue politique, à moins de deux semaines de l'élection présidentielle de laquelle leurs candidats sont exclus. Samedi, quelques centaines de personnes avaient répondu à un appel de l'opposition à marcher à Abidjan, mais la manifestation qui avait été interdite par les autorités, a été dispersée à Abidjan par les forces de l'ordre à coups de gaz lacrymogène. 237 personnes ont par ailleurs été interpellées selon le ministère de l'Intérieur. Les autorités ont interdit toute manifestation critiquant les décisions du Conseil constitutionnel, qui a publié la liste définitive des candidats à la présidentielle du 25 octobre. Le Conseil a validé la candidature du chef de l'Etat Alassane Ouattara, en lice pour un quatrième mandat, mais pas celles de l'ex-président Laurent Gbabgo ni de Tidjane Thiam, ses deux principaux rivaux, exclus par des décisions de justice. ""Les manifestations pour la démocratie, la justice et la paix se poursuivront tous les jours et sur toute l'étendue du territoire, jusqu'à la satisfaction des revendications par la tenue d'un dialogue politique"", ont annoncé le Front Commun qui réunit les deux principaux partis d'opposition dans un communiqué commun, consulté dimanche par l'AFP. Il s'agit du Parti démocratique de Côte d'Ivoire (PDCI) de Tidjane Thiam, première force d'opposition, et du Parti des peuples africains - Côte d'Ivoire (PPA-CI) de l'ancien président Laurent Gbagbo. Les deux partis, qui font état de ""nombreux blessés"" samedi, ""réaffirment leur ferme volonté de ne point se laisser ni intimider ni distraire par la répression sauvage du régime"". Le Front Commun qui proteste également contre un 4e mandat de M. Ouattara, l'estimant inconstitutionnel, appellent ""à la non-violence, au calme et au sang-froid"". Selon des cadres du PDCI, des forces de l'ordre ont tenté de pénétrer samedi soir dans le domicile de Noël Akossi Bendjo, l'un des vice-présidents du parti, pour l'arrêter, mais ce dernier était absent. La campagne électorale, qui voit s'affronter cinq candidats, s'est ouverte vendredi pour une durée de 14 jours. Quatre candidats d'opposition sont qualifiés pour affronter Alassane Ouattara le 25 octobre : l'ex-ministre du Commerce Jean-Louis Billon, dissident du PDCI; deux anciens compagnons de route de Laurent Gbagbo en rupture avec lui, son ex-épouse Simone Ehivet Gbagbo et l'ex-ministre Ahoua Don Mello ; et enfin Henriette Lagou, déjà candidate en 2015.",2025-10-12 14:02:00,Tv5Monde,France,Democratic Interference,Politic,Factual,Côte d'Ivoire,https://information.tv5monde.com/afrique/presidentielle-en-cote-divoire-des-partis-dopposition-appellent-manifester-tous-les-jours-2793702,4
"Côte d'Ivoire: une marche de l'opposition empêchée à Abidjan Le Parti démocratique de Côte d'Ivoire (PDCI) et le Parti des peuples africains – Côte d'Ivoire (PPA-CI), dont les leaders n’ont pas été retenus pour la présidentielle, avaient appelé à une marche ce 11 octobre à Cocody - marche finalement interdite. Selon le ministère de l’Intérieur, 237 personnes ont été interpellées à Abidjan et 18 autres à Dabou, à une quarantaine de kilomètres de la capitale économique. Publié le : Avec notre correspondant à Abidjan, Abdoul Aziz Diallo Ce matin du 11 octobre, le boulevard Latrille, itinéraire prévu pour la marche du « front commun », avait été placé sous haute surveillance. Au carrefour Saint-Jean, les passants ont été systématiquement contrôlés et toute tentative de regroupement, rapidement empêchée. Plusieurs dizaines de jeunes ont été interpellés, parfois brutalement. « Je viens marcher pour la paix et je vois les corps habillés qui sont en train de prendre les enfants partout, témoigne une militante sous le choc. Celui qui vient, on le met dans le cargo. On ne peut pas marcher. » Un autre groupe de manifestants a tenté de se remobiliser dans le quartier de Blockhaus, à quelques rues de là. Mais les forces de l’ordre sont intervenues à coups de gaz lacrymogènes pour disperser la foule. « On regarde ces choses-là, la mort dans l’âme, commente un habitant proche de l'opposition. Les gens ont marché à Yopougon, une marche bien encadrée, il n’y a rien eu. Donc en termes de marche, l’opposition est très mature, qu’on laisse les gens marcher tout simplement. Ce qu’on voit là, c’est de la barbarie, c’est de la violence gratuite. » « Manifester malgré le dispositif militaire » Les initiateurs de la marche saluent la mobilisation des militants, tout en appelant au dialogue. « Il y a eu la volonté ferme des gens de sortir et de manifester leur mécontentement malgré ce dispositif militaire très impressionnant, a déclaré Sébastien Dano Djédjé, président exécutif du PPA-CI. Le pouvoir roule en roue libre vers des élections qu’il pense organiser haut la main. » De son côté, le ministre de l’Intérieur, le général Vagondo Diomandé, assure que les forces de l’ordre ont « fait leur travail de façon régalienne et dans le strict respect des règles ». Les personnes interpellées, prévient-il, seront traduites devant les juridictions compétentes pour répondre de leurs actes. À lire aussiCôte d'Ivoire: le président sortant Alassane Ouattara en meeting à Daloa au deuxième jour de la campagne NewsletterRecevez toute l'actualité internationale directement dans votre boite mail Je m'abonne",2025-10-12 12:30:00,Rfi,France,Democratic Interference,Politic,Factual,Côte d'Ivoire,https://www.rfi.fr/fr/afrique/20251012-c%C3%B4te-d-ivoire-une-marche-de-l-opposition-emp%C3%AAch%C3%A9e-%C3%A0-abidjan,4
"RDC : la province du Tanganyika reprend en main ses exportations d’or À Kalemie, chef-lieu de la province du Tanganyika en République démocratique du Congo, la société minière publique DRC Gold Trading SA annonce reprendre en main les exportations d’or, après des décennies de pertes à cause de la fraude, de la contrebande et des contrats avec des sociétés étrangères largement défavorables au pays. En République démocratique du Congo (RDC), la nouvelle entreprise d’État, DRC Gold trading SA, a exporté les 100 premiers kilogrammes d’or vers l’international, dans la foulée du lancement de ses activités fin novembre à Kalemie, chef-lieu de la province du Tanganyika, dans le sud-est du pays, rapporte la presse locale. En moins de deux semaines d’activité, cette société minière étatique, ayant pour mission de collecter l’or artisanal à des fins d’exportation, ouvre ainsi une «nouvelle ère» pour la province du Tanganyika qui peut désormais «tirer bénéfice de ses potentialités pour son développement», souligne le portail d’information Ouragan. «Malgré d’énormes potentialités minières et d’intenses activités d’exploitation […], la province n’a pu, durant des décennies, exporter au-delà de 5 kilogrammes à cause de la fraude et de la contrebande ; mais aujourd’hui, pour la première fois, en moins de deux semaines, nous avons pu acheter près de 100 kilogrammes d’or», a déclaré le directeur général de cette entreprise publique, Mahombi Kazibaziba, lors d’une cérémonie à Kalemie le 11 décembre. Cité par Ouragan, Mahombi Kazibaziba estime qu’à cette allure, le Tanganyika serait capable de drainer plus de 30 millions de dollars américains chaque mois en termes de chiffre d’affaires. «Notre souhait est de voir la province prendre la grande part dans ce challenge et surtout de réaliser un minimum d’une tonne exportée chaque mois et ce dès janvier 2025», a-t-il notamment affirmé. Nouveau gouverneur souverainiste Depuis son élection en avril dernier, le nouveau gouverneur du Tanganyika, Christian Kitungwa Muteba, travaille pour redynamiser l’économie de la province en œuvrant à ce que les minerais profitent enfin à sa population, pointe de son côté le média Afrik.com. Sous l’impulsion de ce jeune dirigeant de 37 ans – relève le site panafricain – la DRC Gold Trading SA a pris ainsi la relève de la «très controversée» entreprise émiratie Primera Gold DRC, qui s’était vu accorder le monopole de l’exportation de l’or dans la région avec des droits de douanes qualifiés de «ridiculement bas» (de l’ordre de 2,5%). Récemment, le continent africain a été marqué par la montée en puissance de plusieurs jeunes dirigeants locaux souverainistes qui ont promis de renégocier les contrats miniers avec les sociétés étrangères, largement défavorables à leurs pays. Au-delà de ses mines d’or, le Tanganyika, province riche en minerais située sur les rives du lac du même nom en RDC, est considéré comme la «capitale mondiale du lithium» grâce au gisement de Manono, l’un des plus importants au monde. Elle dispose également d’importantes réserves de coltan.",2024-12-16 18:26:00,Mobileapiru,Russia,Resource Control,Mining,Factual,DRC,https://fra.mobileapiru.com/afrique/115398-rdc-province-tanganyika-reprend-main-exportations-or,4
"Pour la première fois, une femme va diriger le gouvernement en République démocratique du Congo (RDC): Judith Suminwa Tuluka, ministre du Plan, a été nommée lundi Première ministre, un peu plus de trois mois après la réélection du président sortant Félix Tshisekedi. « Je sais que la tâche est grande, les défis sont immenses, mais ensemble (…) on y arrivera », a-t-elle déclaré à l’antenne de la télévision nationale juste après l’annonce de sa nomination. Titulaire d’une maîtrise en économie et originaire du Kongo Central (ouest), Mme Suminwa Tuluka succède à Jean-Michel Sama Lukonde, Premier ministre depuis février 2021, qui avait présenté sa démission le 21 février dernier. Âgée d’une cinquantaine d’années, elle va devoir mettre en œuvre les engagements du second mandat de Félix Tshisekedi, dans un contexte sécuritaire toujours aussi tendu. Au pouvoir depuis janvier 2019, Félix Tshisekedi, 60 ans, a été largement réélu le 20 décembre dernier pour un second mandat de cinq ans, remportant plus de 73% des voix lors d’élections générales qualifiées de « simulacre » par l’opposition. Les partis le soutenant ont aussi raflé plus de 90% des sièges à l’Assemblée nationale, ce qui lui donne toute latitude pour mener sa politique. Durant la campagne électorale, le président avait appelé ses compatriotes à lui donner un nouveau mandat pour « consolider les acquis » du premier, en mettant notamment en avant la gratuité de l’enseignement primaire. Il promettait de créer des emplois, diversifier l’économie, développer l’agriculture, protéger le pouvoir d’achat des ménages…Car tout en ayant un sous-sol immensément riche en minerais, la RDC reste une des nations les plus pauvres au monde, avec les deux tiers de ses quelque 100 millions d’habitants vivant sous le seuil de pauvreté. « Bénéficier des ressources » Les Nations unies estiment par ailleurs qu’environ sept millions de personnes sont « déplacées internes » à cause des conflits, en particulier dans l’Est, en proie à des violences armées depuis trois décennies. Dès le début de son premier mandat, Félix Tshisekedi avait promis de tout faire pour y rétablir la paix, ce qu’il n’est pas parvenu à faire. La situation s’est même détériorée dans le Nord-Kivu, en proie depuis plus de deux ans à une nouvelle rébellion du « M23 » (« Mouvement du 23 mars »), qui, avec le soutien du Rwanda voisin, s’est emparé de vastes pans de la province. Le régime a fait appel à des forces régionales, des instructeurs étrangers et des groupes armés « patriotes » pour lutter contre les rebelles, en attendant la « montée en puissance » de l’armée congolaise sur laquelle il dit compter pour en venir à bout. Mais il n’a pas réussi jusqu’à présent à reprendre les zones conquises et accuse la communauté internationale de complicité avec les rebelles et leur parrain rwandais. Les initiatives diplomatiques n’ont pas non plus abouti. Ce conflit alourdit un climat politique qui ne s’est pas apaisé depuis les élections. « Ça tire de partout », titrait lundi un journal de Kinshasa (AfricaNews), après un week-end marqué par des déclarations incendiaires. Durant la messe de Pâques, le cardinal Fridolin Ambongo, archevêque de Kinshasa, connu pour ses prises de position très critiques à l’égard du pouvoir, a jugé que le pays était « à l’agonie » et n’avait « pas d’armée ». De son côté, Augustin Kabuya, bouillant secrétaire général du parti de Félix Tshisekedi (l’Union pour la démocratie et le progrès social, UDPS), accusait l’ancien président Joseph Kabila (2001-2019) de soutenir le M23. Des propos qualifiés d' »irresponsables » par le camp de l’ex-chef de l’Etat, destinés selon lui à masquer « l’incapacité » de l’UDPS à « gérer le pays ». « Je suis consciente de la grande responsabilité qui est la mienne », a encore déclaré lundi soir Mme Suminwa Tuluka, en disant vouloir oeuvrer « pour la paix et le développement » en RDC, pour « que le peuple congolais puisse bénéficier des ressources » du pays. SOURCE : AFP",02/04/2024 01:08,savoirnews,France,Economic Impact,Diplomacy,Factual,DRC,https://www.savoirnews.net/blog/2024/04/02/rdc-judith-suminwa-tuluka-nommee-premiere-ministre-premiere-femme-a-ce-poste/#respond,5
"Elections en RDC : de nombreux congolais privés de vote à cause de l'insécurité Dans le territoire de Massissi, dans le Nord-Kivu, théâtre d'affrontements entre l'armée et les rebelles du M23, les habitants sont privés de vote à cause de la guerre.",21/12/2023 00:07,TV5MONDE,France,Information Warfare,Military,Factual,DRC,https://information.tv5monde.com/afrique/video/elections-en-rdc-de-nombreux-congolais-prives-de-vote-cause-de-linsecurite-2683670,4
"RDC : la province du Tanganyika reprend en main ses exportations d’or À Kalemie, chef-lieu de la province du Tanganyika en République démocratique du Congo, la société minière publique DRC Gold Trading SA annonce reprendre en main les exportations d’or, après des décennies de pertes à cause de la fraude, de la contrebande et des contrats avec des sociétés étrangères largement défavorables au pays. En République démocratique du Congo (RDC), la nouvelle entreprise d’État, DRC Gold trading SA, a exporté les 100 premiers kilogrammes d’or vers l’international, dans la foulée du lancement de ses activités fin novembre à Kalemie, chef-lieu de la province du Tanganyika, dans le sud-est du pays, rapporte la presse locale. En moins de deux semaines d’activité, cette société minière étatique, ayant pour mission de collecter l’or artisanal à des fins d’exportation, ouvre ainsi une «nouvelle ère» pour la province du Tanganyika qui peut désormais «tirer bénéfice de ses potentialités pour son développement», souligne le portail d’information Ouragan. «Malgré d’énormes potentialités minières et d’intenses activités d’exploitation […], la province n’a pu, durant des décennies, exporter au-delà de 5 kilogrammes à cause de la fraude et de la contrebande ; mais aujourd’hui, pour la première fois, en moins de deux semaines, nous avons pu acheter près de 100 kilogrammes d’or», a déclaré le directeur général de cette entreprise publique, Mahombi Kazibaziba, lors d’une cérémonie à Kalemie le 11 décembre. Cité par Ouragan, Mahombi Kazibaziba estime qu’à cette allure, le Tanganyika serait capable de drainer plus de 30 millions de dollars américains chaque mois en termes de chiffre d’affaires. «Notre souhait est de voir la province prendre la grande part dans ce challenge et surtout de réaliser un minimum d’une tonne exportée chaque mois et ce dès janvier 2025», a-t-il notamment affirmé. Nouveau gouverneur souverainiste Depuis son élection en avril dernier, le nouveau gouverneur du Tanganyika, Christian Kitungwa Muteba, travaille pour redynamiser l’économie de la province en œuvrant à ce que les minerais profitent enfin à sa population, pointe de son côté le média Afrik.com. Sous l’impulsion de ce jeune dirigeant de 37 ans – relève le site panafricain – la DRC Gold Trading SA a pris ainsi la relève de la «très controversée» entreprise émiratie Primera Gold DRC, qui s’était vu accorder le monopole de l’exportation de l’or dans la région avec des droits de douanes qualifiés de «ridiculement bas» (de l’ordre de 2,5%). Récemment, le continent africain a été marqué par la montée en puissance de plusieurs jeunes dirigeants locaux souverainistes qui ont promis de renégocier les contrats miniers avec les sociétés étrangères, largement défavorables à leurs pays. Au-delà de ses mines d’or, le Tanganyika, province riche en minerais située sur les rives du lac du même nom en RDC, est considéré comme la «capitale mondiale du lithium» grâce au gisement de Manono, l’un des plus importants au monde. Elle dispose également d’importantes réserves de coltan.",2024-12-16 17:33:00,Rt,Russia,Resource Control,Mining,Factual,DRC,https://francais.rt.com/afrique/115398-rdc-province-tanganyika-reprend-main-exportations-or,4
"JOHANNESBURG: Emirates, the world’s largest international airline, has celebrated its longstanding and ongoing commitment to South Africa, with the country’s first-ever A380 flypast. The remarkable low-level aerial showcase also marks Emirates’ first-ever flypast in Africa and the first international airline to execute such a feat in South Africa. Honoring its shared love for rugby with over 62,000 enthusiastic spectators, Emirates flew the world’s largest commercial passenger aircraft over Emirates Airline Park, just before kick-off of the much-anticipated Springboks vs All Blacks test match. Flying at an altitude of just 500 feet above the ground, the iconic Emirates double-decker aircraft saluted rugby and aviation fans, in its latest signature livery. The Emirates A380 took off from O.R. Tambo International Airport at 16:00, traveling at a speed of 140 kts, reaching the stadium at 16:58, perfectly timed to follow South Africa and New Zealand’s national anthems. The impressive aerial feat follows months of thorough and cross-functional planning between stakeholders including multiple teams at Emirates, South African Civil Aviation Authority, Airports Company South Africa, Emirates pilots, Flight Operation Managers and Air Traffic Controllers working together with the Emirates Lions team. The teams worked together across every element of the aerial display, taking into account air traffic patterns at different times of the day with different weather and wind conditions. UAE National Captain Mubarak Al Mheiri, A380 Deputy Chief Pilot commanded the flight, joined by Captain Khalid Binsultan and Captain Abdalla Al Hammadi, both Technical Pilots for the Airbus A380 and Captain Richard Fiess, A380 Captain. Captain Mubarak has flown with Emirates for 19 years and has completed over 7,200 hours in the cockpit of the iconic A380. He has commanded similar flypasts for Emirates, including UAE National Day celebrations for the past four years and headlining the commercial aircraft flypast formation at the 2023 Dubai Air Show. The Captain also participated in the iconic flight promoting Expo 2020, which saw an A380 fly around an Emirates Cabin Crew at the very top of the Burj Khalifa; the unprecedented formation flight with the Jetman team back in 2015; and with the Red Arrows in 2022. Afzal Parambil, Country Manager of Southern Africa, Emirates said that, “Tonight’s record-setting flypast is a powerful display of our unwavering commitment to South Africa. It represents not just an achievement of technical excellence, but encapsulates our ongoing partnership with key stakeholders in South Africa, including the Civil Aviation Authority, O.R. Tambo International Airport, Emirates Lions and, of course, the strong relationship we’ve built with our customers and travel partners here over the years. For almost three decades, we’ve unlocked an array of choices for our customers, by offering an outstanding on-ground and in-flight experience coupled with seamless global connectivity, and we’re not slowing down now. We look forward to the next 30 years, and beyond, of serving South Africa and spotlighting its many attractions to the world.” Pieter Burger, Ellis Park Stadium Managing Director, commented that, “The flyover has become such a pre-match entertainment staple at the iconic Emirates Airline Park. First witnessed in 1995 at the final of the international rugby showpiece where the South African national rugby team was victorious, to have had this moment tonight against the very same opposition was a thrilling experience for fans watching at the stadium and at home.” The flypast also marks the return of Emirates’ second A380 service on the Dubai-Johannesburg route, enhancing more customer choice and travel options with Emirates’ iconic onboard products and world-class service. EK761 departs Dubai at 04.05, landing in Johannesburg at 10:15, with the return flight, EK762, departing Johannesburg at 13.25 and touching down in Dubai at 23.45, perfectly timed for onward connections to key destinations in the Far East, Europe and the Middle East. Emirates is one of the world’s biggest supporters of rugby. In South Africa, Emirates’ investment in the sport is headlined by its steadfast title sponsorship of the Emirates Lions, including naming rights of the team’s home stadium, Emirates Airline Park. The airline also sponsors the action-packed Cape Town Sevens, a regular fixture on the Sevens World Series calendar and one of the most popular live sporting events in South Africa, regularly drawing over 100,000 spectators. Globally, Emirates can be found at the center of the action from grassroots to professional leagues as the sponsor of the Rugby World Cup since 2007, with a prominent presence planned at the upcoming 2027 World Cup in Australia. Firmly established as a long-term partner of South African aviation, tourism, and trade, Emirates has been serving the market for 29 years, connecting over 20 million travelers to/from South Africa with more than 140 destinations on its vast global network, via Dubai. The airline serves customers traveling to and from South Africa with 42 weekly flights to Cape Town, Johannesburg and Durban, with additional connectivity to regional points across the country offered by its codeshare and interline partners South African Airways, Airlink, Cemair, and FlySafair.",01/09/2024 16:24,Emirati Times,UAE,Economic Impact,Media,Sensationalist,South Africa,https://emiratitimes.com/emirates-showcases-first-ever-a380-flypast-in-africa/,4
"The low-level flypast marks three milestones for Emirates ( and South Africa; The flying display celebrates the return of the second daily A380 service on the Dubai-Johannesburg route from 1 September. Emirates, the world’s largest international airline, takes to the skies to celebrate its longstanding and ongoing commitment to South Africa, with the country’s first ever A380 flypast. Running up the score, the remarkable low-level aerial showcase also marks Emirates’ first ever flypast in Africa and the first international airline to execute such a feat in South Africa. Honouring its shared love for rugby with over 62,000 enthusiastic spectators, Emirates flew the world’s largest commercial passenger aircraft over Emirates Airline Park, just before kick-off of the much-anticipated Springboks vs All Blacks test match. Flying at an altitude of just 500 feet above the ground, the iconic Emirates double-decker aircraft saluted rugby and aviation fans, in its latest signature livery. The Emirates A380 took off from O.R. Tambo International Airport at 16:00, travelling at a speed of 140 kts, reaching the stadium at 16:58, perfectly timed to follow South Africa and New Zealand’s national anthems. The impressive aerial feat follows months of thorough and cross-functional planning between stakeholders including multiple teams at Emirates, South African Civil Aviation Authority, Airports Company South Africa, Emirates pilots, Flight Operation Managers and Air Traffic Controllers working together with the Emirates Lions team. The teams worked together across every element of the aerial display, taking into account air traffic patterns at different times of the day with different weather and wind conditions. UAE National Captain Mubarak Al Mheiri, A380 Deputy Chief Pilot commanded the flight, joined by Captain Khalid Binsultan and Captain Abdalla Al Hammadi, both Technical Pilots for the Airbus A380 and Captain Richard Fiess, A380 Captain. Captain Mubarak has flown with Emirates for 19 years and has completed over 7,200 hours in the cockpit of the iconic A380. He has commanded similar flypasts for Emirates, including UAE National Day celebrations ( for the past four years and headlining the commercial aircraft flypast formation at the 2023 Dubai Air Show ( He also participated in the iconic flight promoting Expo 2020 ( which saw an A380 fly around an Emirates Cabin Crew at the very top of the Burj Khalifa; the unprecedented formation flight with the Jetman ( team back in 2015; and with the Red Arrows ( in 2022. Afzal Parambil, Country Manager of Southern Africa, Emirates said, “Tonight’s record-setting flypast is a powerful display of our unwavering commitment to South Africa. It represents not just an achievement of technical excellence, but encapsulates our ongoing partnership with key stakeholders in South Africa, including the Civil Aviation Authority, O.R. Tambo International Airport, Emirates Lions and, of course, the strong relationship we’ve built with our customers and travel partners here over the years. For almost three decades, we’ve unlocked an array of choices for our customers, by offering an outstanding on-ground and in-flight experience coupled with seamless global connectivity, and we’re not slowing down now. We look forward to the next 30 years, and beyond, of serving South Africa and spotlighting its many attractions to the world.” Pieter Burger, Ellis Park Stadium Managing Director, said, “The flyover has become such a pre-match entertainment staple at the iconic Emirates Airline Park. First witnessed in 1995 at the final of the international rugby showpiece where the South African national rugby team was victorious, to have had this moment tonight against the very same opposition was a thrilling experience for fans watching at the stadium and at home. We are extremely grateful to our long-time partner Emirates who were pivotal towards the success of this project, together with all other role players involved. From a lasting memory perspective, this will certainly be up there for those who had the privilege to witness the moment.” The flypast also marks the return of Emirates’ second A380 service on the Dubai-Johannesburg route, enhancing more customer choice and travel options with Emirates’ iconic onboard products and world-class service. EK761 departs Dubai at 04.05, landing in Johannesburg at 10:15, with the return flight, EK762, departing Johannesburg at 13.25 and touching down in Dubai at 23.45, perfectly timed for onward connections to key destinations in the Far East, Europe and the Middle East. Emirates is one of the world’s biggest supporters of rugby. In South Africa, Emirates’ investment in the sport is headlined by its steadfast title sponsorship of the Emirates Lions, including naming rights of the team’s home stadium, Emirates Airline Park. The airline also sponsors the action-packed Cape Town Sevens, a regular fixture on the Sevens World Series calendar and one of the most popular live sporting events in South Africa, regularly drawing over 100,000 spectators. Globally, Emirates can be found at the centre of the action from grassroots to professional leagues as the sponsor of Rugby World Cup since 2007, with prominent presence planned at the upcoming 2027 World Cup in Australia. Firmly established as a long-term partner of South African aviation, tourism, and trade, Emirates has been serving the market for 29 years, connecting over 20 million travellers to/from South Africa with more than 140 destinations on its vast global network, via Dubai. The airline serves customers traveling to and from South Africa with 42 weekly flights to Cape Town, Johannesburg and Durban, with additional connectivity to regional points across the country offered by its codeshare and interline partners South African Airways, Airlink, Cemair, and FlySafair.",01/09/2024 15:36,Zawya,UAE,Economic Impact,Media,Sensationalist,South Africa,https://www.zawya.com/en/press-release/africa-press-releases/a-sky-high-triple-salute-emirates-celebrates-south-africa-with-spectacular-first-ever-a380-flypast-vdbq6pjr,4
"Emirates, the world’s largest international airline, takes to the skies to celebrate its longstanding and ongoing commitment to South Africa, with the country’s first ever A380 flypast. Running up the score, the remarkable low-level aerial showcase also marks Emirates’ first ever flypast in Africa and the first international airline to execute such a feat in South Africa. Honouring its shared love for rugby with over 62,000 enthusiastic spectators, Emirates flew the world’s largest commercial passenger aircraft over Emirates Airline Park, just before kick-off of the much-anticipated Springboks vs All Blacks test match. Flying at an altitude of just 500 feet above the ground, the iconic Emirates double-decker aircraft saluted rugby and aviation fans, in its latest signature livery. The Emirates A380 took off from O.R. Tambo International Airport at 16:00, travelling at a speed of 140 kts, reaching the stadium at 16:58, perfectly timed to follow South Africa and New Zealand’s national anthems. The impressive aerial feat follows months of thorough and cross-functional planning between stakeholders including multiple teams at Emirates, South African Civil Aviation Authority, Airports Company South Africa, Emirates pilots, Flight Operation Managers and Air Traffic Controllers working together with the Emirates Lions team. The teams worked together across every element of the aerial display, taking into account air traffic patterns at different times of the day with different weather and wind conditions. UAE National Captain Mubarak Al Mheiri, A380 Deputy Chief Pilot commanded the flight, joined by Captain Khalid Binsultan and Captain Abdalla Al Hammadi, both Technical Pilots for the Airbus A380 and Captain Richard Fiess, A380 Captain. Captain Mubarak has flown with Emirates for 19 years and has completed over 7,200 hours in the cockpit of the iconic A380. He has commanded similar flypasts for Emirates, including UAE National Day celebrations for the past four years and headlining the commercial aircraft flypast formation at the 2023 Dubai Air Show. He also participated in the iconic flight promoting Expo 2020, which saw an A380 fly around an Emirates Cabin Crew at the very top of the Burj Khalifa; the unprecedented formation flight with the Jetman team back in 2015; and with the Red Arrows in 2022. Afzal Parambil, Country Manager of Southern Africa, Emirates said, “Tonight’s record-setting flypast is a powerful display of our unwavering commitment to South Africa. It represents not just an achievement of technical excellence, but encapsulates our ongoing partnership with key stakeholders in South Africa, including the Civil Aviation Authority, O.R. Tambo International Airport, Emirates Lions and, of course, the strong relationship we’ve built with our customers and travel partners here over the years. For almost three decades, we’ve unlocked an array of choices for our customers, by offering an outstanding on-ground and in-flight experience coupled with seamless global connectivity, and we’re not slowing down now. We look forward to the next 30 years, and beyond, of serving South Africa and spotlighting its many attractions to the world.” Pieter Burger, Ellis Park Stadium Managing Director, said, “The flyover has become such a pre-match entertainment staple at the iconic Emirates Airline Park. First witnessed in 1995 at the final of the international rugby showpiece where the South African national rugby team was victorious, to have had this moment tonight against the very same opposition was a thrilling experience for fans watching at the stadium and at home. We are extremely grateful to our long-time partner Emirates who were pivotal towards the success of this project, together with all other role players involved. From a lasting memory perspective, this will certainly be up there for those who had the privilege to witness the moment.” The flypast also marks the return of Emirates’ second A380 service on the Dubai-Johannesburg route, enhancing more customer choice and travel options with Emirates’ iconic onboard products and world-class service. EK761 departs Dubai at 04.05, landing in Johannesburg at 10:15, with the return flight, EK762, departing Johannesburg at 13.25 and touching down in Dubai at 23.45, perfectly timed for onward connections to key destinations in the Far East, Europe and the Middle East. Emirates is one of the world’s biggest supporters of rugby. In South Africa, Emirates’ investment in the sport is headlined by its steadfast title sponsorship of the Emirates Lions, including naming rights of the team’s home stadium, Emirates Airline Park. The airline also sponsors the action-packed Cape Town Sevens, a regular fixture on the Sevens World Series calendar and one of the most popular live sporting events in South Africa, regularly drawing over 100,000 spectators. Globally, Emirates can be found at the centre of the action from grassroots to professional leagues as the sponsor of Rugby World Cup since 2007, with prominent presence planned at the upcoming 2027 World Cup in Australia. Firmly established as a long-term partner of South African aviation, tourism, and trade, Emirates has been serving the market for 29 years, connecting over 20 million travellers to/from South Africa with more than 140 destinations on its vast global network, via Dubai. The airline serves customers traveling to and from South Africa with 42 weekly flights to Cape Town, Johannesburg and Durban, with additional connectivity to regional points across the country offered by its codeshare and interline partners South African Airways, Airlink, Cemair, and FlySafair. BIZ TODAY MONITORING",01/09/2024 14:54,Biz Today,UAE,Economic Dependency,Infrastructure,Alarmist,South Africa,https://www.biztoday.news/2024/09/01/a-sky-high-triple-salute-emirates-celebrates-south-africa-with-spectacular-first-ever-a380-flypast/,4
"- A Sky-High Triple Salute: Emirates celebrates South Africa with spectacular, first-ever A380 flypast Emirates, the world’s largest international airline, takes to the skies to celebrate its longstanding and ongoing commitment to South Africa, with the country’s first ever A380 flypast. Running up the score, the remarkable low-level aerial showcase also marks Emirates’ first ever flypast in Africa and the first international airline to execute such a feat in South Africa. Honouring its shared love for rugby with over 62,000 enthusiastic spectators, Emirates flew the world’s largest commercial passenger aircraft over Emirates Airline Park, just before kick-off of the much-anticipated Springboks vs All Blacks test match. Flying at an altitude of just 500 feet above the ground, the iconic Emirates double-decker aircraft saluted rugby and aviation fans, in its latest signature livery. The Emirates A380 took off from O.R. Tambo International Airport at 16:00, travelling at a speed of 140 kts, reaching the stadium at 16:58, perfectly timed to follow South Africa and New Zealand’s national anthems. The impressive aerial feat follows months of thorough and cross-functional planning between stakeholders including multiple teams at Emirates, South African Civil Aviation Authority, Airports Company South Africa, Emirates pilots, Flight Operation Managers and Air Traffic Controllers working together with the Emirates Lions team. The teams worked together across every element of the aerial display, taking into account air traffic patterns at different times of the day with different weather and wind conditions. UAE National Captain Mubarak Al Mheiri, A380 Deputy Chief Pilot commanded the flight, joined by Captain Khalid Binsultan and Captain Abdalla Al Hammadi, both Technical Pilots for the Airbus A380 and Captain Richard Fiess, A380 Captain. Captain Mubarak has flown with Emirates for 19 years and has completed over 7,200 hours in the cockpit of the iconic A380. He has commanded similar flypasts for Emirates, including UAE National Day celebrations for the past four years and headlining the commercial aircraft flypast formation at the 2023 Dubai Air Show. He also participated in the iconic flight promoting Expo 2020, which saw an A380 fly around an Emirates Cabin Crew at the very top of the Burj Khalifa; the unprecedented formation flight with the Jetman team back in 2015; and with the Red Arrows in 2022. Afzal Parambil, Country Manager of Southern Africa, Emirates said, “Tonight’s record-setting flypast is a powerful display of our unwavering commitment to South Africa. It represents not just an achievement of technical excellence, but encapsulates our ongoing partnership with key stakeholders in South Africa, including the Civil Aviation Authority, O.R. Tambo International Airport, Emirates Lions and, of course, the strong relationship we’ve built with our customers and travel partners here over the years. For almost three decades, we’ve unlocked an array of choices for our customers, by offering an outstanding on-ground and in-flight experience coupled with seamless global connectivity, and we’re not slowing down now. We look forward to the next 30 years, and beyond, of serving South Africa and spotlighting its many attractions to the world.” Pieter Burger, Ellis Park Stadium Managing Director, said, “The flyover has become such a pre-match entertainment staple at the iconic Emirates Airline Park. First witnessed in 1995 at the final of the international rugby showpiece where the South African national rugby team was victorious, to have had this moment tonight against the very same opposition was a thrilling experience for fans watching at the stadium and at home. We are extremely grateful to our long-time partner Emirates who were pivotal towards the success of this project, together with all other role players involved. From a lasting memory perspective, this will certainly be up there for those who had the privilege to witness the moment.” The flypast also marks the return of Emirates’ second A380 service on the Dubai-Johannesburg route, enhancing more customer choice and travel options with Emirates’ iconic onboard products and world-class service. EK761 departs Dubai at 04.05, landing in Johannesburg at 10:15, with the return flight, EK762, departing Johannesburg at 13.25 and touching down in Dubai at 23.45, perfectly timed for onward connections to key destinations in the Far East, Europe and the Middle East. Emirates is one of the world’s biggest supporters of rugby. In South Africa, Emirates’ investment in the sport is headlined by its steadfast title sponsorship of the Emirates Lions, including naming rights of the team’s home stadium, Emirates Airline Park. The airline also sponsors the action-packed Cape Town Sevens, a regular fixture on the Sevens World Series calendar and one of the most popular live sporting events in South Africa, regularly drawing over 100,000 spectators. Globally, Emirates can be found at the centre of the action from grassroots to professional leagues as the sponsor of Rugby World Cup since 2007, with prominent presence planned at the upcoming 2027 World Cup in Australia. Firmly established as a long-term partner of South African aviation, tourism, and trade, Emirates has been serving the market for 29 years, connecting over 20 million travellers to/from South Africa with more than 140 destinations on its vast global network, via Dubai. The airline serves customers traveling to and from South Africa with 42 weekly flights to Cape Town, Johannesburg and Durban, with additional connectivity to regional points across the country offered by its codeshare and interline partners South African Airways, Airlink, Cemair, and FlySafair.",01/09/2024 14:28,المكتب الإعلامي لحكومة دبي,UAE,Economic Impact,Infrastructure,Alarmist,South Africa,https://mediaoffice.ae/en/news/2024/september/01-09/emirates-celebrates-south-africa-with-spectacular-1st-ever-a380-flypast,4
"Al Hussaini calls for the NDB to continue its efforts in developing domestic capital markets, fostering private sector participation, and collaborating with other Multilateral Development Banks (MDBs) Cape Town – South Africa: The UAE, represented by the Ministry of Finance, participated in the 9th Annual Meeting of the New Development Bank (NDB) Board of Governors for BRICS countries, held on 30 August in Cape Town, South Africa, under the theme “Investing in a Sustainable Future.” The UAE delegation was led by His Excellency Mohamed bin Hadi Al Hussaini, Minister of State for Financial Affairs and UAE Governor for the NDB, and Thuraiya Hamid Alhashmi, Director of the International Financial Relations and Organisations Department at the UAE Ministry of Finance, member of the board of directors of NDB and a Constituency Director representing the UAE, Egypt, and Bangladesh. The agenda of the Meeting included presentations on innovative financial systems for sustainable development and prospects for sustainable investment. The meeting featured sessions with leaders, decision-makers, and business professionals who discussed ways to enhance investment for a sustainable future. Strengthening Sustainable Development In his opening remarks, His Excellency Mohamed bin Hadi Al Hussaini highlighted the NDB’s crucial role in advancing sustainable development and infrastructure projects across member countries. He also stressed the need for the NDB to continue its efforts in developing domestic capital markets, fostering private sector involvement, and collaborating with other MDBs. Accelerating Global Sustainable Investment The meeting underscored the importance of accelerating global sustainable investment and taking necessary actions to ensure a sustainable future. It also emphasised aligning with the Sustainable Development Goals and the 2015 Paris Agreement on climate change, focusing on financing sustainable development projects, and exchanging best practices. Attendees included NDB Governors, NDB Directors, representatives from member countries, financial institutions, private sector leaders, civil society organisations, and non-governmental organisations. The sessions featured discussions on cooperative initiatives aimed at addressing critical social and environmental issues and showcased best practices for adopting new factors that support sustainable growth. Participants expressed their commitment to developing effective collaboration methods to build a more sustainable and prosperous future. The NDB was established by BRICS countries following an agreement at the sixth BRICS Summit in Fortaleza, Brazil, in 2014. Headquartered in Shanghai, China, with regional offices in South Africa and India, the NDB mobilises resources through loans, securities, and equity investments to finance infrastructure and sustainable development projects in BRICS countries, other emerging economies, and developing countries. It complements the efforts of other multilateral financial institutions in global development and supports collective commitments towards robust, sustainable, and balanced growth. Since its inception, the NDB has approved over 90 projects with a total value of approximately US$33 billion, covering sectors such as transport, water and sanitation, digital and social infrastructure, and clean energy. -Ends- For further information, please contact: Rami El Hussari Misbar Communications rami@misbar-me.com Ahmad Aldwairi Misbar Communications ahmad.aldwairi@misbar-me.com Hudoob Younis Misbar Communications hudoob@misbar-me.com",01/09/2024 07:46,Zawya,UAE,Economic Dependency,Finance,Factual,South Africa,https://www.zawya.com/en/press-release/government-news/uae-participates-in-ninth-annual-meeting-of-the-new-development-bank-board-of-governors-i71obflt,5
"ABU DHABI: The UAE’s accession to the BRICS group has embodied its commitment to multilateralism and constructive dialogue, aiming to support development, prosperity, and wellbeing for nations worldwide. This move aligns with the UAE’s long-standing approach of building partnerships with countries, international organisations, and institutions to enhance the competitiveness and sustainability of its economy and explore new growth opportunities. Younis Haji Al Khoori, Under-Secretary of the Ministry of Finance, emphasised that the UAE’s strategic partnerships have effectively showcased its key initiatives globally, adding that joining BRICS aligns with the “We the UAE 2031” vision, aiming to strengthen the UAE’s role as a strategic partner in promoting global economic cooperation. Al Khoori told the Emirates News Agency (WAM) that the UAE’s BRICS membership will strengthen efforts to build balanced economic relations, advance sustainable national economic growth, and solidify its position in emerging and de veloping markets. ‘It involves numerous projects and initiatives with other BRICS nations and long-term partnerships with international organisations, including the World Bank Group and the International Monetary Fund, to promote balanced prosperity worldwide,’ he added. He stated that the UAE’s leadership in fostering international trade cooperation, highlighted by hosting the 13th WTO Ministerial Conference in February 2024, has enabled the country to address critical global issues. This has led to Comprehensive Economic Partnership Agreements, solidifying the UAE’s role in global trade and enhancing its capacity to support economic growth regionally and globally. Al Khoori explained that the UAE aims to boost economic cooperation with BRICS nations by identifying opportunities to enhance trade, promote financial stability, and support sustainable development goals. Through its BRICS membership, the UAE seeks to play a leading role in shaping initiatives that strengthen its position in global economic coo peration and advocate for economic multilateralism. The UAE aims to strike a balance between global policy priorities and the needs of the Global South, Al Khoori stated. ‘Committed to inclusivity and equity in the global economic landscape, the UAE strives to ensure that international policies effectively consider the interests and perspectives of developing nations. It will advance the development agenda of the New Development Bank concerning emerging markets and developing countries, where the bank is a key tool for promoting BRICS development priorities,’ he further added. He highlighted the achievement of Thuraya Hamed Al Hashimi, Director of the International Financial Relations and Organisations Department at the Ministry of Finance, as the first Emirati and Arab woman to join the New Development Bank’s Board of Directors. Addressing the UAE’s participation in the BRICS financial track, Al Khoori mentioned that the Ministry of Finance has activated the UAE’s BRICS Financial Track team. The ministry’ s efforts have enabled the UAE to participate effectively with BRICS chair countries, particularly in a series of meetings at the ministerial and technical levels. These meetings discussed various topics, including the development of monetary and financial systems, potential methods for infrastructure financing, and the role of multilateral finance in enhancing the attractiveness of infrastructure investment projects, Al Khoori stated, adding that these active participations underscore the UAE’s proactive approach in shaping global economic cooperation and financial stability policies, particularly in the Global South. On financial cooperation mechanisms with BRICS countries, Al Khoori said, “The UAE looks to bridge cooperation to achieve common goals, including financial stability, growth, sustainable development, and strengthening trade and financial cooperation to support economic growth in the Global South. The UAE aims to support these efforts through knowledge exchange to contribute to building a glob al economic and financial framework that upholds the highest standards of justice, balance, representation, and inclusivity, grounded in the principles of economic multilateralism.” Al Khoori affirmed that the UAE is exploring collaboration with BRICS in tax and customs matters, including mutual administrative assistance in customs, data exchange, training centre collaboration, and technical cooperation in tax administration to enhance tax digitalisation. Regarding the impact of UAE’s BRICS membership on its financial sector, Al Khoori said, “UAE’s membership in BRICS represents a strategic achievement for its financial sector, opening new avenues for collaboration and creating exceptional opportunities for UAE financial institutions to engage with their counterparts in BRICS countries.” He noted that strengthening ties with BRICS countries aims to boost the UAE financial sector’s resilience through technological and structural advancements that enhance the efficiency of financial institutions. This includ es maintaining the UAE’s strong financial standing, supported by a flexible legislative framework and advanced digital infrastructure. Al Khoori highlighted the economic significance of BRICS, stating, “The expansion of BRICS membership in 2024 has significantly enhanced the group’s economic standing, now representing around 45 percent of the world’s population and 25 percent of global exports. The combined GDP of BRICS members accounts for 29 percent of the global GDP.” He affirmed that the UAE’s membership in this group presents an exceptional opportunity to create vast economic, trade, and investment prospects with member countries, contributing to the UAE’s long-term sustainable economic growth and reinforcing its position as a leading global economic hub. Source: Emirates News Agency",01/09/2024 03:00,Ras Al Khaimah News,UAE,Economic Dependency,Finance,Factual,South Africa,https://www.rasalkhaimahnews.com/uae-brics-partnerships-set-to-foster-global-development-prosperity/,5
"The UAE, represented by the Ministry of Finance, participated in the 9th Annual Meeting of the New Development Bank (NDB) Board of Governors for BRICS nations on 30th August in Cape Town, South Africa. The meeting, themed “Investing in a Sustainable Future,” saw Mohamed bin Hadi Al Hussaini, UAE Minister of State for Financial Affairs and UAE Governor for the NDB, leading the delegation, with Thuraiya Hamid Alhashmi, Director of the International Financial Relations and Organisations Department at the Ministry, also in attendance. The agenda included discussions on innovative financial frameworks and sustainable investment strategies. Sessions featured leaders, decision-makers, and experts exploring ways to boost investment for a sustainable future. In his opening remarks, Al Hussaini stressed the NDB’s crucial role in promoting sustainable development and infrastructure projects within member countries, urging the bank to continue its efforts in developing domestic capital markets, fostering private sector engagement, and enhancing collaboration with other multilateral development banks. The meeting emphasised the importance of accelerating global sustainable investments, aligning with the Sustainable Development Goals and the 2015 Paris Agreement, and taking decisive actions to ensure a sustainable future. The event brought together NDB Governors, Directors, representatives from member countries, financial institutions, and private sector leaders, who discussed cooperative initiatives and shared best practices for addressing key social and environmental challenges. Established by BRICS countries at the sixth BRICS Summit in Fortaleza, Brazil, in 2014, the NDB is headquartered in Shanghai, with regional offices in South Africa and India. The bank mobilises resources through loans, securities, and equity investments to finance infrastructure and sustainable development projects in BRICS nations and other emerging and developing countries. Since its inception, the NDB has approved over 90 projects worth approximately $33B.",31/08/2024 10:01,The finance world,UAE,Economic Dependency,Finance,Factual,South Africa,https://thefinanceworld.com/uae-joins-ninth-annual-new-development-bank-governors-meeting/,4
"The UAE, represented by the Ministry of Finance, participated in the 9th Annual Meeting of the New Development Bank (NDB) Board of Governors for BRICS countries, held on 30th August in Cape Town, South Africa, under the theme “Investing in a Sustainable Future.” The UAE delegation was led by Mohamed bin Hadi Al Hussaini, Minister of State for Financial Affairs and UAE Governor for the NDB, and Thuraiya Hamid Alhashmi, Director of the International Financial Relations and Organisations Department at the UAE Ministry of Finance, member of the board of directors of NDB and a Constituency Director representing the UAE, Egypt, and Bangladesh. The agenda of the Meeting included presentations on innovative financial systems for sustainable development and prospects for sustainable investment. The meeting featured sessions with leaders, decision-makers, and business professionals who discussed ways to enhance investment for a sustainable future. In his opening remarks, Mohamed bin Hadi Al Hussaini highlighted the NDB’s crucial role in advancing sustainable development and infrastructure projects across member countries. He also stressed the need for the NDB to continue its efforts in developing domestic capital markets, fostering private sector involvement, and collaborating with other MDBs. The meeting underscored the importance of accelerating global sustainable investment and taking necessary actions to ensure a sustainable future. It also emphasised aligning with the Sustainable Development Goals and the 2015 Paris Agreement on climate change, focusing on financing sustainable development projects, and exchanging best practices. Attendees included NDB Governors, NDB Directors, representatives from member countries, financial institutions, private sector leaders, civil society organisations, and non-governmental organisations. The sessions featured discussions on cooperative initiatives aimed at addressing critical social and environmental issues and showcased best practices for adopting new factors that support sustainable growth. Participants expressed their commitment to developing effective collaboration methods to build a more sustainable and prosperous future. The NDB was established by BRICS countries following an agreement at the sixth BRICS Summit in Fortaleza, Brazil, in 2014. Headquartered in Shanghai, China, with regional offices in South Africa and India, the NDB mobilises resources through loans, securities, and equity investments to finance infrastructure and sustainable development projects in BRICS countries, other emerging economies, and developing countries. It complements the efforts of other multilateral financial institutions in global development and supports collective commitments towards robust, sustainable, and balanced growth. Since its inception, the NDB has approved over 90 projects with a total value of approximately US$33 billion, covering sectors such as transport, water and sanitation, digital and social infrastructure, and clean energy.",31/08/2024 08:42,Eye Of Riyadh,UAE,Economic Dependency,Finance,Factual,South Africa,https://www.eyeofriyadh.com/news/details/uae-participates-in-ninth-annual-meeting-of-new-development-bank-board-of-governors,4
"CAPE TOWN, South Africa, 30th August, 2024 (WAM) — The UAE, represented by the Ministry of Finance, participated in the 9th Annual Meeting of the New Development Bank (NDB) Board of Governors for BRICS countries, held on 30th August in Cape Town, South Africa, under the theme “Investing in a Sustainable Future.” The UAE delegation was led by Mohamed bin Hadi Al Hussaini, Minister of State for Financial Affairs and UAE Governor for the NDB, and Thuraiya Hamid Alhashmi, Director of the International Financial Relations and Organisations Department at the UAE Ministry of Finance, member of the board of directors of NDB and a Constituency Director representing the UAE, Egypt, and Bangladesh. The agenda of the Meeting included presentations on innovative financial systems for sustainable development and prospects for sustainable investment. The meeting featured sessions with leaders, decision-makers, and business professionals who discussed ways to enhance investment for a sustainable future. In his opening remarks, Mohamed bin Hadi Al Hussaini highlighted the NDB’s crucial role in advancing sustainable development and infrastructure projects across member countries. He also stressed the need for the NDB to continue its efforts in developing domestic capital markets, fostering private sector involvement, and collaborating with other MDBs. The meeting underscored the importance of accelerating global sustainable investment and taking necessary actions to ensure a sustainable future. It also emphasised aligning with the Sustainable Development Goals and the 2015 Paris Agreement on climate change, focusing on financing sustainable development projects, and exchanging best practices. Attendees included NDB Governors, NDB Directors, representatives from member countries, financial institutions, private sector leaders, civil society organisations, and non-governmental organisations. The sessions featured discussions on cooperative initiatives aimed at addressing critical social and environmental issues and showcased best practices for adopting new factors that support sustainable growth. Participants expressed their commitment to developing effective collaboration methods to build a more sustainable and prosperous future. The NDB was established by BRICS countries following an agreement at the sixth BRICS Summit in Fortaleza, Brazil, in 2014. Headquartered in Shanghai, China, with regional offices in South Africa and India, the NDB mobilises resources through loans, securities, and equity investments to finance infrastructure and sustainable development projects in BRICS countries, other emerging economies, and developing countries. It complements the efforts of other multilateral financial institutions in global development and supports collective commitments towards robust, sustainable, and balanced growth. Since its inception, the NDB has approved over 90 projects with a total value of approximately US$33 billion, covering sectors such as transport, water and sanitation, digital and social infrastructure, and clean energy. This content was originally posted at Emirates News Agency (WAM) on the Source link . Always refer to the original source for updates and more details.",31/08/2024 06:21,TotalUAE.com,UAE,Economic Dependency,Finance,Factual,South Africa,https://totaluae.com/posts/emirates/uae-participates-in-ninth-annual-meeting-of-new-development-bank-board-of-governors/,4
"CAPE TOWN, South Africa (ALETIHAD) The UAE, represented by the Ministry of Finance, participated in the 9th Annual Meeting of the New Development Bank (NDB) Board of Governors for BRICS countries, held on Friday in Cape Town, South Africa, under the theme “Investing in a Sustainable Future.” The UAE delegation was led by Mohamed bin Hadi Al Hussaini, Minister of State for Financial Affairs and UAE Governor for the NDB, and Thuraiya Hamid Alhashmi, Director of the International Financial Relations and Organisations Department at the UAE Ministry of Finance, member of the board of directors of NDB and a Constituency Director representing the UAE, Egypt, and Bangladesh. The agenda of the Meeting included presentations on innovative financial systems for sustainable development and prospects for sustainable investment. The meeting featured sessions with leaders, decision-makers, and business professionals who discussed ways to enhance investment for a sustainable future. In his opening remarks, Mohamed bin Hadi Al Hussaini highlighted the NDB’s crucial role in advancing sustainable development and infrastructure projects across member countries. He also stressed the need for the NDB to continue its efforts in developing domestic capital markets, fostering private sector involvement, and collaborating with other MDBs. The meeting underscored the importance of accelerating global sustainable investment and taking necessary actions to ensure a sustainable future. It also emphasised aligning with the Sustainable Development Goals and the 2015 Paris Agreement on climate change, focusing on financing sustainable development projects, and exchanging best practices. Attendees included NDB Governors, NDB Directors, representatives from member countries, financial institutions, private sector leaders, civil society organisations, and non-governmental organisations. The sessions featured discussions on cooperative initiatives aimed at addressing critical social and environmental issues and showcased best practices for adopting new factors that support sustainable growth. Participants expressed their commitment to developing effective collaboration methods to build a more sustainable and prosperous future. The NDB was established by BRICS countries following an agreement at the sixth BRICS Summit in Fortaleza, Brazil, in 2014. Headquartered in Shanghai, China, with regional offices in South Africa and India, the NDB mobilises resources through loans, securities, and equity investments to finance infrastructure and sustainable development projects in BRICS countries, other emerging economies, and developing countries. It complements the efforts of other multilateral financial institutions in global development and supports collective commitments towards robust, sustainable, and balanced growth. Since its inception, the NDB has approved over 90 projects with a total value of approximately $33 billion, covering sectors such as transport, water and sanitation, digital and social infrastructure, and clean energy.",30/08/2024 20:42,Al Etihad News Center مركز الإتحاد للأخبار,UAE,Economic Dependency,Finance,Factual,South Africa,https://en.aletihad.ae/news/business/4511683/uae-participates-in-ninth-annual-meeting-of-new-development,4
"Invictus Investment Company, which is listed on Abu Dhabi Securities Exchange (ADX) and a leading agro-food enterprise in the Middle East, Africa and Asia, on Thursday said that it has signed an agreement to acquire a leading flour milling company in Southern Africa, subject to necessary regulatory approvals and transaction closing mechanism. The acquisition is Invictus Investment’s second significant transaction in Africa in 2024, following the purchase of a 60% stake in Graderco, Morocco’s leading grains trading company, and its subsidiaries from Zalar Holding. Graderco is one of the leading grain and cereal trading firms in Morocco, with over $410 million in revenues recorded for 2023. The company imports, stores and trades volumes ranging between 2.5 and 3 million metric tonnes of grain and grain derivatives for both human and animal nutrition annually, representing over 25% of the country’s imports. Commenting on the announcement, Amir Daoud Abdellatif, CEO of Invictus Investment, said that the acquisition will contribute to their long-term strategy to expand the company’s agro-food business in high-potential African markets, develop new strategic partnerships, and build on their operational capabilities in the midstream and downstream segments. In a regulatory filing with ADX this morning, he also said that the acquisition will bring the company a step closer to its goal of becoming a fully integrated agro-food enterprise in the Middle East and Africa. Invictus Investment remains focused on exploring further acquisition opportunities, developing new joint ventures in strategic markets, and continuing its investments across key African markets, the company said in the filing. Invictus Investment reported strong financial and operational performance, with a revenue growth of 35% year-on-year to $2.21 billion in 2023, its highest annual revenue as a listed company, compared with $1.61 billion in 2022. It also achieved significant growth in commodity transaction volumes, which surged by over 110% to reach 5.37 million metric tonnes last year, compared with 2.56 million metric tonnes in 2022, Invictus said early this year. UAE Firms in Africa The UAE companies are at the forefront of securing agricultural resources in Africa in order to achieve food security for the country. The Emirates is importing 90% of food products as the COVID-19 pandemic, the war in Ukraine, and negative impacts of climate change exacerbated the challenge and exposed the vulnerability of their existing food supply chains, Observer Research Foundation (ORF), an independent global think tank based in India, said in July this year. According to a BMI analysis, the UAE has 14 land purchase transactions in the works, primarily in Africa, and 56 completed agreements, the earliest dating back more than 50 years to Sudan, ORF explained. The notable recent investments include a joint venture between Dubai Ventures and E20 Investment to build a large tract in Angola, Al Dahra, an Emirati agricultural group, is projected to acquire or lease some lands in Egypt to grow essential grains. In Zimbabwe, a UAE-based firm Global Carbon Investments secured conservation rights over a vast 7.5 million hectares representing 20% of the country’s landmass for $1.5 billion.",29/08/2024 13:52,Global Business Magazine,UAE,Economic Dependency,Business,Factual,South Africa,https://globalbizmag.com/invictus-buys-flour-mill-company-in-south-africa/,4
"The e-waste recycling partnership between EWaste Africa, the E-Waste Recycling Authority (ERA) and Pick n Pay, has evolved into an employment initiative for people with disabilities. Newly designed bigger e-waste bins are being rolled out in selected Pick n Pay stores, generating meaningful employment as people with disabilities are being specially trained to repair, refurbish, and recycle this waste. An enterprise development programme facilitated by National Economic Empowerment for the Disabled (NEED) is among the beneficiaries of this initiative, as Pick n Pay rolls out 210 new e-waste bins nationwide. These bins, capable of holding items ranging from cables and kettles to mobile phones and large appliances like washing machines, represent a significant expansion of Pick n Pay’s original e-waste program, launched over 15 years ago with a focus on light bulbs and batteries. In partnership with EWaste Africa and the E-Waste Recycling Authority (ERA), Pick n Pay has already installed 33 new e-waste bins in stores nationwide, with plans to add 90 more by the end of the year and complete the rollout by mid-2025. These bins are expected to collect 1,000 tonnes of e-waste annually - equivalent to the weight of a large cargo ship. EWaste Africa collects and delivers e-waste to legally licensed recycling facilities, where it is depolluted and the resulting clean, processed materials are then repurposed into new products, such as housing blocks. Waste is also sent to ERA-affiliated service providers, where valuable materials are extracted if items cannot be repaired. Creating meaningful employment Both ERA and EWaste Africa prioritise manual dismantling to maximise job creation. The pilot project with NEED, ERA’s Enterprise Development Programme, is based at the Cape Town Association for the Physically Disabled in Bridgetown. It demonstrates how the e-waste value chain can unlock job opportunities while reducing harmful waste in landfills. Funded by ERA, the programme is increasingly self-sustainable as repaired items are resold, ensuring zero e-waste delivered here is sent to landfills. To date, 65 individuals have participated in this initiative which largely empowers people with disabilities by training them to dismantle, repair, and refurbish e-waste. One NEED participant, Faneezwa Kapa, shared: “I use a wheelchair and was homebound before this programme. I'm now learning many things that I never knew before.” Another participant, Wayne Jansen, added: “I’m 57 and became disabled due to diabetes. Many companies overlook people like me because of age and disability. Here, we’ve learnt that an appliance that is broken doesn't necessarily mean that it's broken; it can be fixed. So what we are learning to do here is to dismantle it and fix it again, and it can give us more years' shelf life.” With around 7% of South Africa’s population living with disabilities, job opportunities are scarce for many. ERA aims to expand this programme as more e-waste bins are introduced in Pick n Pay stores. E-waste is growing faster than municipal waste in South Africa, often containing hazardous materials like lead and lithium. Improper disposal poses significant risks, while low recycling rates mean valuable resources remain untapped. Recycling electronics conserves natural resources, reduces environmental impact, and creates much-needed jobs in a country with high unemployment rates. “These new e-waste bins make it easier than ever for our customers to do the right thing by offering a simple and convenient way to dispose of their old electronics. Together, we’re reducing environmental impact, bolstering local recycling infrastructure, and supporting job creation for people with disabilities. It’s a small action with a big impact - for our communities and the planet,” says Steffen Burrows, sustainability manager at Pick n Pay. . © 2022. Bizcommunity.com Provided by SyndiGate Media Inc. (Syndigate.info).",26/08/2024 13:52,Zawya,UAE,Human Rights Advocacy,Diplomacy,Sensationalist,South Africa,https://www.zawya.com/en/economy/africa/south-africa-e-waste-initiative-unlocks-job-creation-for-people-with-disabilities-rj6ptwj0,5
"The land reform programme could empower women and boost agricultural productivity, contributing to food security and reducing hunger in rural South Africa. A 2019 study by the Sustainability Initiative of South Africa found that 20% of farm owners were women, with men making up 66% of full-time employees and women comprising 52% of part-time or seasonal workers. Rosinah Raseala, the deputy chairperson of the Rakwadu Communal Property Association (CPA), is key to managing land in the Greater Lethaba Municipality of Limpopo. The CPA is a landholding institution established by law to oversee land acquired for communities after successful land claims. The Rakwadu CPA oversees two farms in Limpopo, Geodgelegen and Deelkraal, which were returned to the community in 1999. Covering 1041.34 and 1123.90 hectares respectively, these farms are managed in a 51-49% partnership with Westfalia Fruits, a global leader in avocado and fresh fruit supply. The seven-person CPA is made up of three women and four men. Empowering women through land management Raseala says CPAs need adequate support to enable them to get more women involved in the management of land assets and also throughout the agriculture value chain. ""For the CPAs to operate effectively, there is a need for resources and capacity building,"" says Raseala. ""Empowering women through skills training programmes can entice more women to participate and be involved."" In her role as deputy chairperson of the Rakwadu CPA, Raseala is responsible for supporting the chairperson, acting as the spokesperson in the absence of the chairperson, and being the intermediary between the CPAs and the communities. Despite being the youngest member of the CPA at 39, Raseala says her leadership role was tested when she was tasked with resolving simmering tensions around land use after it was eventually restituted in June this year. ""Some community members requested their land back and wanted to use it for themselves and to pursue their plans. As the CPA, it was important to convince them that everyone would be better served if the land was not carved up but rather was utilised for the benefit of the entire community. We managed to persuade them that it would be beneficial for the community to use the land collectively,"" says Raseala. She acknowledged the contributions made by the Vumelana Advisory Fund, a non-profit organisation that helps beneficiaries of the land reform programme to use restored land productively to create much-needed jobs, income and skills; noting the crucial role that the organisation played in their land claim applications and providing post-settlement support. ""The claims process was difficult but, thankfully, we had Vumelana to assist us and they are still supporting us with various other aspects of the work that we need to do. Though our ancestral land has been restored to its rightful owners, we still face several challenges such as access to funding and the unavailability of a site office in which to conduct our official business. ""We plan to use some of the funds generated through our investments to fund the operations of the CPA,"" says Raseala. Strengthening land reform efforts Peter Setou, chief executive of the Vumelana Advisory Fund says: ""We want to enable women in CPAs to make meaningful contributions to the land reform programme. While we have seen some pockets of successes in this area, a lot of work still needs to be done in supporting women to actively participate in these structures."" He noted that while CPAs continue to struggle with post-settlement support, non-profit organisations assisting these communities are also experiencing financial strain due to the limited resources available in both the private and public sectors to fund land reform projects. To date Vumelana has facilitated 26 partnerships through the CPP model putting approximately 70,000 hectares of land into productive use, benefiting over 20,000 households and attracting over R1bn in potential investments. “Now is not the time to loosen our grip on the progress made on land reform so far. Instead, we need to implement robust and innovative financing mechanisms to strengthen and build upon the efforts already made, to ensure that land reform contributes towards sustainable rural development and equitable access to resources for all,” says Setou. . © 2022. Bizcommunity.com Provided by SyndiGate Media Inc. (Syndigate.info).",26/08/2024 13:49,Zawya,UAE,Economic Impact,Diplomacy,Sensationalist,South Africa,https://www.zawya.com/en/economy/africa/exploring-gender-parity-in-land-reform-and-strategies-to-empower-women-in-south-africa-pkuzqn63,5
"Eskom has officially launched its electric vehicle (EV) charging infrastructure at the Eskom Academy of Learning (EAL) in Midrand, Gauteng. “This milestone marks a significant step in Eskom Distribution’s commitment to supporting the growth of the e-mobility sector in South Africa and contributing to the country’s broader goals of reducing carbon emissions,” the state-owned power utility said. According to Eskom, the pilot project includes the procurement of 20 EVs ranging from light delivery vehicles to light trucks for operational use. The pilot project also involves the installation of 10 charging stations at five Eskom sites across the country. The other sites are Brackenfell in Cape Town, Mkondeni in Pietermaritzburg, Tlhabane Customer Network Centre (CNC) in Rustenburg and Marathon CNC in Mbombela. These sites will serve as the foundation for Eskom Distribution’s long-term strategy to electrify its entire fleet by 2040. “We continue to focus on our long-term strategy to deliver a competitive, sustainable, and future-proof Eskom to ensure energy security, growth, and long-term sustainability for the benefit of South Africa and sub-Saharan Africa,” said general manager in the office of the Eskom Group Executive for Distribution, Gabriel Kgabo. By investing in e-mobility and the charging infrastructure needed for EVs, Kgabo said Eskom was not only reducing its carbon footprint but also stimulating the local economy and creating new growth opportunities. Kgabo highlighted Eskom’s support of the government to align South Africa with the global EV ecosystem market. Key initiatives include the EV White Paper released by the Department of Trade Industry and Competition in December 2023 and the incentives announced by the National Treasury to encourage the local production of EVs from 2026. Pilot project overview The recently installed charging stations, in collaboration with Gridcars, feature state-of-the-art direct current fast chargers (60kW) and dual alternating current (AC) chargers (22kW). They are optimised for overnight charging of fleet vehicles and daytime workplace charging for employees and visitors. The power utility believes this initiative will serve as a blueprint for the future rollout of EVs across Eskom’s entire fleet. “It is one of the levers that will steer the organisation towards net zero carbon emissions by 2050 and will also contribute to stimulating the local EV market. “The successful launch of this infrastructure is a result of the dedicated efforts of the project team within Eskom. Their work is laying the groundwork for a future where electric vehicles play a central role in South Africa’s transportation landscape.” . © 2022. Bizcommunity.com Provided by SyndiGate Media Inc. (Syndigate.info).",26/08/2024 13:38,Zawya,UAE,Economic Impact,Media,Alarmist,South Africa,https://www.zawya.com/en/business/transport-and-logistics/south-africa-eskom-launches-electric-vehicle-charging-infrastructure-nfmq6gt6,4
"CFAO South Africa is pleased to announce a new joint venture between one of its subsidiaries, Toyota Tsusho Africa, and Ogihara Thailand, to be known as Ogihara South Africa and the construction of a new component manufacturing plant located at the Dube Tradeport in Durban to supply product to Toyota South Africa. The Minister of Trade and Industry in the South African Government of National Unity, the Honourable Minister Parks Tau, presided at the launch ceremony, welcoming the strategic investment of R1.2bn into the South African automotive industry. The joint venture will bring substantial foreign direct investment to South Africa, create numerous employment opportunities, and further deepen the localisation of our economy in alignment with the South African Automotive Masterplan objectives. This collaboration exemplifies the commitment of both joint venture partners to localisation and underscores the possibilities for growth and development through investment in our country. Ogihara South Africa and its new production plant at the Dube Tradeport is a joint venture of two leaders in their field. The plant will be pivotal in enhancing the local automotive manufacturing landscape. ""This event and the construction of the production facility mark the further commitment of a transformative journey in the South African automotive industry,” says Minister Tau. CFAO South Africa, the regional division of the diverse pan-African CFAO Group, headquartered in France, is a wholly owned subsidiary of Toyota Tsusho Corporation in Japan. Toyota Tsusho Africa delivers a range of value-adding solutions for the South African automotive industry. It specialises in supply chain management and production assembly and offers support to customers by procuring and supplying production parts, raw materials, equipment, and production parts assembly. Andrew Velleman, CEO of CFAO South Africa, says: ""CFAO South Africa is a leader in South Africa's mobility market. This joint venture further strengthens CFAO Group's commitment to expansion in South Africa. We are excited about the significant positive impact and value this new plant will bring to the automotive industry and the broader economy. We will continue to drive innovation, growth, transformation, and sustainability in the automotive sector."" Ogihara South Africa will signal the introductory investment into South Africa by Ogihara, the Thailand-based global producer of medium-to-large automotive body parts. Ogihara (Thailand) is a subsidiary of Ogihara Corporation in Japan and is one of Thailand's leading automotive tools, die makers and automotive stamping parts manufacturers. Ogihara has supplied automotive tools, dies and stamping parts to renowned local and international vehicle and truck manufacturers since 1990. Ogihara Corporation has operated as a vehicle body engineering company since 1951, manufacturing press tools for vehicle body parts. Ogihara Corporation has been manufacturing press tools through technical study with our customers, based on unified data and utilising exact and high-speed processing machines. The joint venture of Ogihara SA is an exciting first expansion into Africa. Ogihara believes in the principle of strong partnerships of trust and looks forward to this joint venture with Toyota Tsusho Africa,"" says Hiroshi Morita, CEO of Ogihara Thailand. ‘This Joint venture will further expand Toyota Tsusho Africa’s service offering into the manufacturing environment, which is aligned to our strategy to promote local assembly and production in South Africa by partnering with foreign component manufacturers’, says Wayne Bowyer, Managing Director of Toyota Tsusho Africa. ""The inclusion of Ogihara South Africa in our local manufacturing ecosystem will not only create new job opportunities but also enhance our capabilities in producing high-quality body parts for the automotive industry,"" says Andrew Kirby, president and CEO of Toyota South Africa. ""This joint venture marks a significant step towards our LVA (local value addition) improvement strategy by localising the production of these critical components,"" he states. . © 2022. Bizcommunity.com Provided by SyndiGate Media Inc. (Syndigate.info).",26/08/2024 13:36,Zawya,UAE,Economic Dependency,Tech,Factual,South Africa,https://www.zawya.com/en/economy/africa/cfao-south-africa-announce-a-new-automotive-body-parts-manufacturing-plant-jv-h086uywb,4
"The Development Bank of Southern Africa plans to double the size of its program to finance renewable energy plants and is pressing ahead with plans to help facilitate private investment in South Africa’s national transmission grid. The Embedded Generation Investment Programme, which is helping to finance plants that can produce 700 megawatts of power, aims to back facilities producing a total of 1,400 megawatts within 18 months, Mpho Mokwele, group executive for transacting, said at the bank’s results presentation on Tuesday. The program, which primarily finances plants built by companies for their own use, was set up in 2019 with an initial $200 million, half of which was provided by the Green Climate Fund, with plans to secure more from commercial banks. It’s part of a drive by South Africa to build more power generation facilities to end an electricity shortage that has seen intermittent outages since 2008. The state development bank also wants to proceed with a plan to set up an office that will manage auctions of transmission projects for the national grid. It hopes to get the go-ahead from the newly formed National Transmission Company South Africa, Mokwele said, adding that the time frame is unclear. South Africa’s inadequate transmission grid is restraining the roll-out of energy generation. Unlike the Independent Power Producer Office, which the DBSA created more than a decade ago to attract private investment into renewable energy for the national grid, the DBSA says it won’t employ models that need state guarantees. “We are on a journey to implement transmission,” Mokwele said. “We want to do it without the state support as we understand the constraints,” he said, adding that the DBSA is in talks with the World Bank on “credit enhancement mechanisms.” ©2024 Bloomberg L.P.",26/08/2024 09:17,Energy Connects,UAE,Economic Dependency,Energy,Factual,South Africa,http://www.energyconnects.com/news/renewables/2024/august/south-african-development-bank-aims-to-double-renewable-energy-program/,4
"International Relations and Cooperation Minister, Ronald Lamola, is in Japan to attend the Tokyo International Conference on African Development (TICAD) Ministerial Meeting. Ahead of the opening ceremony of the TICAD Ministerial meeting, Minister Lamola had a business roundtable discussion with the Japan External Trade Organisation (JETRO) to further strengthen economic cooperation. Among other matters, the meeting noted two critical economic developments. Following successful diplomatic negotiations, an agreement between the two countries was signed earlier this year, establishing a protocol for the export of South African avocados to Japan. The first consignment arrived in Japan this week, coinciding with Minister Lamola’s visit. This significant milestone marks the beginning of a new market opening for South African avocados in the East. The agreed protocol requires a cold treatment of 2°C for 19 days. South African research has shown that Hass avocados can withstand this treatment, with successful shipments to the UK under the same regime. South Africa’s economic diplomacy efforts continue to yield results in 2024, as evidenced by breakthroughs for our avocado industry, with the opening of new big markets in Japan, China, and India. Speaking to Toyota Executives attending the JETRO interaction, Minister Lamola acknowledged Toyota’s announcement this week of a strategic investment of R 1.2 billion in the South African automotive industry, which is expected to drive faster implementation of industrialisation, job creation, and transformation. Minister Lamola also had the opportunity to meet with his counterpart, the Minister of Foreign Affairs of Japan, Ms. Yōko Kamikawa. Minister Lamola reiterated that South Africa enjoys a significant relationship with Japan, underpinned by a fair economic partnership that contributes significantly to our nation’s economic development and people-to-people relations.",25/08/2024 13:09,Zawya,UAE,Economic Impact,Diplomacy,Factual,South Africa,https://www.zawya.com/en/press-release/africa-press-releases/minister-ronald-lamola-hails-economic-diplomacy-milestones-in-the-south-africa-japan-relations-sgwfi1l5,4
"Qatar Airways has signed an agreement to acquire a 25 per cent stake in South African carrier Airlink as part of plans to expand its route network and boost passenger numbers across the continent to tap into rising travel demand. The stake in southern Africa's regional carrier aligns with Qatar Airways' business strategy in Africa, the Doha-based airline's group chief executive Badr Al Meer said during a live-stream broadcast of a press conference in Doha on Tuesday. “As a financially robust airline that is renowned for its resilience, agility and extensive connectivity across southern Africa, Airlink represents a strategic partner that shares our commitment to unlock in Africa vast business and tourism potential,” Mr Al Meer said. However, he declined to put a value on the acquisition but said that regulatory approval for the deal is under way and that the commercial operations teams at both airlines are working on a joint strategy to “pave the road forward”. Qatar Airways acquired a 25 per cent stake in Southern Africa’s regional carrier Airlink, cementing its ambitions to further develop its operations across the African continent. Photo: Qatar Airways The airline's latest deal in Africa adds to Qatar Airways' portfolio of minority shareholdings in global airlines, including British Airways' parent company International Airlines Group (IAG), Hong Kong's Cathay Pacific, Guangzhou-based China Southern Airlines and Latam Airlines Group. The Doha-based airline has also agreed to buy a 49 per cent stake in the East African airline RwandAir and in 2019 took a 60 per cent share in the new $1.3 billion Bugesera International Airport, south-east of the Rwandan capital Kigali. Qatar Airways currently flies to 29 destinations in Africa, including Cairo, Alexandria, Abidjan, Abuja, Accra, Harare, Kano, Luanda, Lusaka and Port Harcourt. State-owned Qatar Airways' investment in Airlink will build on the codeshare partnership the two airlines currently have. A codeshare agreement allows an airline to carry passengers whose tickets have been issued by another. The aim is to provide passengers with a wider choice of destinations than any individual airline might offer alone. Privately owned Airlink flies to more than 45 destinations in 15 African countries, the company's website says. ""Having Qatar Airways as an equity partner is a powerful endorsement of Airlink and echoes our faith in the markets we currently serve and plan to add to our network,"" said Rodger Foster, Airlink's chief executive. ""This transaction will unlock growth by providing efficiencies of scale, increasing our capacity and expanding our marketing reach. By bolstering Airlink and its business, this investment will strengthen all of the existing airline partnerships Airlink has nurtured over the years.” Airlink also has a codeshare agreement with Emirates that was activated in June 2022, the Dubai-based airline's website says. Africa has a population of about 1.4 billion people but currently carries only 2 per cent of global air traffic, making it an underserved market with major opportunities for African and international airlines to tap into demand. In June, African airlines recorded a 16.9 per cent year-on-year increase in demand, the International Air Transport Association (Iata) said. Capacity was up 5.8 per cent on an annual basis, while the load factor rose to 77 per cent. This was the largest improvement in load factor among all regions. Tamkeen's offering Option 1: 70% in year 1, 50% in year 2, 30% in year 3 70% in year 1, 50% in year 2, 30% in year 3 Option 2: 50% across three years 50% across three years Option 3: 30% across five years Springsteen: Deliver Me from Nowhere Director: Scott Cooper Starring: Jeremy Allen White, Odessa Young, Jeremy Strong Rating: 4/5 Our legal consultant Name: Hassan Mohsen Elhais Position: legal consultant with Al Rowaad Advocates and Legal Consultants Joy%20Ride%20 %3Cp%3E%3Cstrong%3EDirector%3A%3C%2Fstrong%3E%20Adele%20Lim%3Cbr%3E%3Cstrong%3EStars%3A%20%3C%2Fstrong%3EAshley%20Park%2C%20Sherry%20Cola%2C%20Stephanie%20Hsu%2C%20Sabrina%20Wu%3Cbr%3E%3Cstrong%3ERating%3A%20%3C%2Fstrong%3E4%2F5%3C%2Fp%3E%0A Explainer: Tanween Design Programme Non-profit arts studio Tashkeel launched this annual initiative with the intention of supporting budding designers in the UAE. This year, three talents were chosen from hundreds of applicants to be a part of the sixth creative development programme. These are architect Abdulla Al Mulla, interior designer Lana El Samman and graphic designer Yara Habib. The trio have been guided by experts from the industry over the course of nine months, as they developed their own products that merge their unique styles with traditional elements of Emirati design. This includes laboratory sessions, experimental and collaborative practice, investigation of new business models and evaluation. It is led by British contemporary design project specialist Helen Voce and mentor Kevin Badni, and offers participants access to experts from across the world, including the likes of UK designer Gareth Neal and multidisciplinary designer and entrepreneur, Sheikh Salem Al Qassimi. The final pieces are being revealed in a worldwide limited-edition release on the first day of Downtown Designs at Dubai Design Week 2019. Tashkeel will be at stand E31 at the exhibition. Lisa Ball-Lechgar, deputy director of Tashkeel, said: “The diversity and calibre of the applicants this year … is reflective of the dynamic change that the UAE art and design industry is witnessing, with young creators resolute in making their bold design ideas a reality.” Specs Engine: Duel electric motors Power: 659hp Torque: 1075Nm On sale: Available for pre-order now Price: On request The specs: Fenyr SuperSport Price, base: Dh5.1 million Engine: 3.8-litre twin-turbo flat-six Transmission: Seven-speed automatic Power: 800hp @ 7,100pm Torque: 980Nm @ 4,000rpm Fuel economy, combined: 13.5L / 100km Three ways to get a gratitude glow By committing to at least one of these daily, you can bring more gratitude into your life, says Ong. During your morning skincare routine, name five things you are thankful for about yourself. As you finish your skincare routine, look yourself in the eye and speak an affirmation, such as: “I am grateful for every part of me, including my ability to take care of my skin.” In the evening, take some deep breaths, notice how your skin feels, and listen for what your skin is grateful for. SPEC%20SHEET%3A%20APPLE%20M3%20MACBOOK%20AIR%20(13%22) %3Cp%3E%3Cstrong%3EProcessor%3A%3C%2Fstrong%3E%20Apple%20M3%2C%208-core%20CPU%2C%20up%20to%2010-core%20CPU%2C%2016-core%20Neural%20Engine%3C%2Fp%3E%0A%3Cp%3E%3Cstrong%3EDisplay%3A%3C%2Fstrong%3E%2013.6-inch%20Liquid%20Retina%2C%202560%20x%201664%2C%20224ppi%2C%20500%20nits%2C%20True%20Tone%2C%20wide%20colour%3C%2Fp%3E%0A%3Cp%3E%3Cstrong%3EMemory%3A%3C%2Fstrong%3E%208%2F16%2F24GB%3C%2Fp%3E%0A%3Cp%3E%3Cstrong%3EStorage%3A%3C%2Fstrong%3E%20256%2F512GB%20%2F%201%2F2TB%3C%2Fp%3E%0A%3Cp%3E%3Cstrong%3EI%2FO%3A%3C%2Fstrong%3E%20Thunderbolt%203%2FUSB-4%20(2)%2C%203.5mm%20audio%2C%20Touch%20ID%3C%2Fp%3E%0A%3Cp%3E%3Cstrong%3EConnectivity%3A%3C%2Fstrong%3E%20Wi-Fi%206E%2C%20Bluetooth%205.3%3C%2Fp%3E%0A%3Cp%3E%3Cstrong%3EBattery%3A%3C%2Fstrong%3E%2052.6Wh%20lithium-polymer%2C%20up%20to%2018%20hours%2C%20MagSafe%20charging%3C%2Fp%3E%0A%3Cp%3E%3Cstrong%3ECamera%3A%3C%2Fstrong%3E%201080p%20FaceTime%20HD%3C%2Fp%3E%0A%3Cp%3E%3Cstrong%3EVideo%3A%3C%2Fstrong%3E%20Support%20for%20Apple%20ProRes%2C%20HDR%20with%20Dolby%20Vision%2C%20HDR10%3C%2Fp%3E%0A%3Cp%3E%3Cstrong%3EAudio%3A%3C%2Fstrong%3E%204-speaker%20system%2C%20wide%20stereo%2C%20support%20for%20Dolby%20Atmos%2C%20Spatial%20Audio%20and%20dynamic%20head%20tracking%20(with%20AirPods)%3C%2Fp%3E%0A%3Cp%3E%3Cstrong%3EColours%3A%3C%2Fstrong%3E%20Midnight%2C%20silver%2C%20space%20grey%2C%20starlight%3C%2Fp%3E%0A%3Cp%3E%3Cstrong%3EIn%20the%20box%3A%3C%2Fstrong%3E%20MacBook%20Air%2C%2030W%2F35W%20dual-port%2F70w%20power%20adapter%2C%20USB-C-to-MagSafe%20cable%2C%202%20Apple%20stickers%3C%2Fp%3E%0A%3Cp%3E%3Cstrong%3EPrice%3A%3C%2Fstrong%3E%20From%20Dh4%2C599%3C%2Fp%3E%0A Specs Engine: Electric motor generating 54.2kWh (Cooper SE and Aceman SE), 64.6kW (Countryman All4 SE) Power: 218hp (Cooper and Aceman), 313hp (Countryman) Torque: 330Nm (Cooper and Aceman), 494Nm (Countryman) On sale: Now Price: From Dh158,000 (Cooper), Dh168,000 (Aceman), Dh190,000 (Countryman) Specs Price, base: Dhs850,000 Engine: 3.9-litre twin-turbo V8 Transmission: Seven-speed automatic Power: 591bhp @ 7,500rpm Torque: 760Nm @ 3,000rpm Fuel economy, combined: 11.3L / 100km Dengue%20fever%20symptoms %3Cp%3EHigh%20fever%20(40%C2%B0C%2F104%C2%B0F)%3Cbr%3ESevere%20headache%3Cbr%3EPain%20behind%20the%20eyes%3Cbr%3EMuscle%20and%20joint%20pains%3Cbr%3ENausea%3Cbr%3EVomiting%3Cbr%3ESwollen%20glands%3Cbr%3ERash%26nbsp%3B%3C%2Fp%3E%0A The low down on MPS What is myofascial pain syndrome? Myofascial pain syndrome refers to pain and inflammation in the body’s soft tissue. MPS is a chronic condition that affects the fascia (­connective tissue that covers the muscles, which develops knots, also known as trigger points). What are trigger points? Trigger points are irritable knots in the soft ­tissue that covers muscle tissue. Through injury or overuse, muscle fibres contract as a reactive and protective measure, creating tension in the form of hard and, palpable nodules. Overuse and ­sustained posture are the main culprits in developing ­trigger points. What is myofascial or trigger-point release? Releasing these nodules requires a hands-on technique that involves applying gentle ­sustained pressure to release muscular shortness and tightness. This eliminates restrictions in ­connective tissue in orderto restore motion and alleviate pain. ­Therapy balls have proven effective at causing enough commotion in the tissue, prompting the release of these hard knots. Day 5, Abu Dhabi Test: At a glance Moment of the day When Dilruwan Perera dismissed Yasir Shah to end Pakistan’s limp resistance, the Sri Lankans charged around the field with the fevered delirium of a side not used to winning. Trouble was, they had not. The delivery was deemed a no ball. Sri Lanka had a nervy wait, but it was merely a stay of execution for the beleaguered hosts. Stat of the day – 5 Pakistan have lost all 10 wickets on the fifth day of a Test five times since the start of 2016. It is an alarming departure for a side who had apparently erased regular collapses from their resume. “The only thing I can say, it’s not a mitigating excuse at all, but that’s a young batting line up, obviously trying to find their way,” said Mickey Arthur, Pakistan’s coach. The verdict Test matches in the UAE are known for speeding up on the last two days, but this was extreme. The first two innings of this Test took 11 sessions to complete. The remaining two were done in less than four. The nature of Pakistan’s capitulation at the end showed just how difficult the transition is going to be in the post Misbah-ul-Haq era. Company profile Name: Steppi Founders: Joe Franklin and Milos Savic Launched: February 2020 Size: 10,000 users by the end of July and a goal of 200,000 users by the end of the year Employees: Five Based: Jumeirah Lakes Towers, Dubai Financing stage: Two seed rounds – the first sourced from angel investors and the founders' personal savings Second round raised Dh720,000 from silent investors in June this year",20/08/2024 14:34,The National,UAE,Economic Dependency,Aviation,Factual,South Africa,https://www.thenationalnews.com/business/aviation/2024/08/20/qatar-airways-airlink/,4
"Driven by many factors ranging from perceived opportunity to job scarcity, they are starting businesses which in turn creates employment opportunities for others, with the country boasting one of the highest proportion of women-led companies employing 20 or more people globally. Furthermore, 59.3% of these entrepreneurs plan on hiring an additional one to five employees within the next five years. “With 16.7 million citizens being unemployed – 5.8 million of whom are women - the need for more female entrepreneurs is vital,” says Gugu Mjadu, executive general manager of marketing at Business Partners Limited and spokesperson for the company’s Entrepreneur of the Year awards. “This becomes all the more crucial when one considers that only half of the female population in South Africa is currently economically active,” she adds. “Entrepreneurship could enable more women to gain control of their financial futures and contribute to the growth of the country’s economy.” Shona McDonald, founder of Shonaquip and Lifetime Achiever award winner in the 2023 Business Partners Limited Entrepreneur of the Year awards, highlights that starting and growing a business is possible for anybody. “While university degrees, startup capital, and luck can be helpful, they're not essential. The key ingredients are a clear purpose for your venture, a strong support network, and the tenacity to never give up no matter what.” A fairer future unlocks potential for all “While the entrepreneurial gender gap in South Africa has been declining over the years, women are still less inclined to pursue entrepreneurship as a career path than their male counterparts,” notes Mjadu. “Factors holding women back include fear of failure, fewer networking opportunities, and perception of own capabilities.” McDonald concurs, saying, “Gender bias is unfortunately still alive and well, as demonstrated by women-led businesses’ limited access to capital.” Referring to the latest Women Entrepreneurship in South Africa Report, she reveals that 21.5% of female entrepreneurs cite difficulty securing funding as the reason for the failure of their ventures, compared to only 17.8% of males. “As women, we also undersell ourselves and our businesses and often stand back when we should step forward with confidence,” she points out. “While the report shows that 66.2% of women perceive themselves as competent, that number falls short compared to 72.4% of men. This self-doubt can manifest in reluctance to pursue larger opportunities or unfamiliar sectors. Ultimately, this limits the potential for growth and high-profit ventures.” “Women-led businesses must be given space to enter this male-dominated game,” urges McDonald. “Doing so will be an investment in everyone’s future, especially with female entrepreneurs creating close to one million jobs over the past decade and boosting the South African economy by R175bn annually. “Additionally, supporting women entrepreneurship is key to broader societal upliftment, with the United Nations reporting that women reinvest around 90% of their income in the health and education of their children and community, compared to just 35% by men.” . © 2022. Bizcommunity.com Provided by SyndiGate Media Inc. (Syndigate.info).",19/08/2024 11:11,Zawya,UAE,Cultural Influence,Education,Factual,South Africa,https://www.zawya.com/en/economy/africa/closing-the-gender-gap-the-rise-of-female-entrepreneurs-in-south-africa-iicct5yq,4
"Turkey Receives Offer to Become BRICS Partner Country, Trade Minister Says Turkey Receives Offer to Become BRICS Partner Country, Trade Minister Says Sputnik Africa ISTANBUL (Sputnik) - The status of a BRICS partner offers a different option from full membership, enabling countries to interact with BRICS without having... 13.11.2024, Sputnik Africa 2024-11-13T09:46+0100 2024-11-13T09:46+0100 2024-11-13T10:20+0100 international turkey (turkiye) brics brics expansion partnership trade Turkey has been offered to become a BRICS partner country, Turkish Trade Minister Omer Bolat said on Wednesday. According to reports, Thailand was earlier also invited to become a BRICS partner state. Russian Foreign Minister Sergey Lavrov said that Russia had supported Uganda as BRICS partner nation, emphasizing its ""well-balanced and constructive"" approach to international affairs. BRICS is an intergovernmental association created in 2006. Russia assumed the rotating presidency of the bloc on January 1, 2024. The year began with the accession of new members to the association. In addition to Russia, Brazil, India, China and South Africa, it now includes Egypt, Ethiopia, Iran, the United Arab Emirates and Saudi Arabia, according to the website of the Russian 2024 BRICS Chairmanship. Saudi Arabia has not formalized its participation but has been taking part in BRICS meetings. turkey (turkiye) Sputnik Africa feedback@sputniknews.com +74956456601 MIA „Rossiya Segodnya“ 252 60 2024 Sputnik Africa feedback@sputniknews.com +74956456601 MIA „Rossiya Segodnya“ 252 60 News en_EN Sputnik Africa feedback@sputniknews.com +74956456601 MIA „Rossiya Segodnya“ 252 60 1920 1080 true 1920 1440 true 1920 1920 true Sputnik Africa feedback@sputniknews.com +74956456601 MIA „Rossiya Segodnya“ 252 60 Sputnik Africa international, turkey (turkiye), brics, brics expansion, partnership, trade",13/11/2024 11:46,Sputniknews Africa,Russia,Economic Dependency,Finance,Factual,Ethiopia,https://en.sputniknews.africa/20241113/turkey-receives-offer-to-become-brics-partner-country-trade-minister-says-1069203765.html,4
"MOSCOW, November 12. /TASS/. Thailand has received an invitation to join BRICS as a partner country, a diplomatic source told TASS. ""Yes, Thailand was invited to become a partner,"" the source said. The BRICS group was founded in 2006 by Brazil, Russia, India, and China, with South Africa joining it in 2011. On January 1, 2024, Egypt, Ethiopia, Iran, Saudi Arabia, the United Arab Emirates, became its full-fledged members. Following the BRICS summit in Kazan, Russian President Vladimir Putin announced that the list of partner countries of the association had been agreed upon. Their full list was not named. As the Russian leader explained, invitations would first be sent to these states, and upon receiving a positive response, it would be announced what states are on this list.",12/11/2024 18:59,TASS Russia News Agency,Russia,Economic Impact,Diplomacy,Alarmist,Ethiopia,https://tass.com/world/1871371,4
"Iran Connects to Russia's Mir Payment System: Why It Matters Iran Connects to Russia's Mir Payment System: Why It Matters Sputnik International The first stage of the integration process, announced by Russian Deputy Prime Minister Alexander Novak in 2022, will allow holders of Shetab national payment system cards to use them at cash machines in Russia. 2024-11-12T13:37+0000 2024-11-12T13:37+0000 2024-11-12T19:00+0000 analysis russia iran mir payment system bank card use Russia's Mir and Iran's Shetab payment systems have officially been linked at a ceremony in Tehran, enabling Iranians to use their Shetab cards in Russia now, while Russian citizens will soon be able to use their Mir cards at ATMs in Iran.Russia's financial system, touted by President Vladimir Putin as ""absolutely healthy,"" now spans the globe. Which countries support it?Eight other countries are considering joining the payment system: Indonesia, Egypt, Thailand, India, Nicaragua, Mauritius, Nigeria and Ethiopia.Citing current ""pivotal times"", he said that ""every serious step"" to develop and use ""alternative payment methods to the US dollar-centric traditional system is part of an evolving, truly multipolar effort that forms only one part of what can be called a financial template for the future.""""There is still ‘the Global South’, and a host of countries such as those participating in BRICS, SCO (Shanghai Cooperation Organization), ASEAN (Association of Southeast Asian Nations), ECOWAS (Economic Community of West African States), and MERCOSUR (Southern Common Market) [among others], with plans to connect financially to one or another degree over the coming few years,"" Goncharoff concluded. russia iran Sputnik International feedback@sputniknews.com +74956456601 MIA „Rossiya Segodnya“ 252 60 2024 Oleg Burunov Oleg Burunov News en_EN Sputnik International feedback@sputniknews.com +74956456601 MIA „Rossiya Segodnya“ 252 60 1920 1080 true 1920 1440 true 1920 1920 true Sputnik International feedback@sputniknews.com +74956456601 MIA „Rossiya Segodnya“ 252 60 Oleg Burunov russia's mir and iran’s shetab payment systems, russia's mir bank card, russia’s financial system, financial cooperation between russia and iran, national currencies",12/11/2024 16:53,Sputnik International,Russia,Economic Dependency,Finance,Cynical,Ethiopia,https://sputnikglobe.com/20241112/iran-sonnects-to-russias-mir-payment-system-why-it-matters----1120866241.html,4
"Beyond Sanctions: Mir Payment System Connects Russia and Iran, Signaling Step Towards Multipolarity Beyond Sanctions: Mir Payment System Connects Russia and Iran, Signaling Step Towards Multipolarity Sputnik Africa Mir Payment System is a Russian card payment system for electronic money transfers, introduced by the Central Bank of Russia in 2015. It was created to reduce... 12.11.2024, Sputnik Africa 2024-11-12T14:37+0100 2024-11-12T14:37+0100 2024-11-12T18:08+0100 vladimir putin iran russia association of southeast asian nations (asean) sputnik brics the shanghai cooperation organization (sco) mir payment system international economy Russia's Mir and Iran's Shetab payment systems have officially been linked at a ceremony in Tehran, enabling Iranians to use their Shetab cards in Russia now, while Russian citizens will soon be able to use their Mir cards at ATMs in Iran.Russia's financial system, touted by President Vladimir Putin as ""absolutely healthy,"" now spans the globe. Which countries support it?Eight other countries are considering joining the payment system: Indonesia, Egypt, Thailand, India, Nicaragua, Mauritius, Nigeria and Ethiopia.Citing current ""pivotal times"", he said that ""every serious step"" to develop and use ""alternative payment methods to the US dollar-centric traditional system is part of an evolving, truly multipolar effort that forms only one part of what can be called a financial template for the future.""""There is still ‘the Global South’, and a host of countries such as those participating in BRICS, SCO (Shanghai Cooperation Organization), ASEAN (Association of Southeast Asian Nations), ECOWAS (Economic Community of West African States), and MERCOSUR (Southern Common Market) [among others], with plans to connect financially to one or another degree over the coming few years,"" Goncharoff concluded. iran russia association of southeast asian nations (asean) middle east europe united states (us) Sputnik Africa feedback@sputniknews.com +74956456601 MIA „Rossiya Segodnya“ 252 60 2024 Sputnik Africa feedback@sputniknews.com +74956456601 MIA „Rossiya Segodnya“ 252 60 News en_EN Sputnik Africa feedback@sputniknews.com +74956456601 MIA „Rossiya Segodnya“ 252 60 1920 1080 true 1920 1440 true 1920 1920 true Sputnik Africa feedback@sputniknews.com +74956456601 MIA „Rossiya Segodnya“ 252 60 Sputnik Africa vladimir putin, iran, russia, association of southeast asian nations (asean), sputnik, brics, the shanghai cooperation organization (sco), mir payment system, international, economy, middle east, europe, local currency, currency, united states (us), european union (eu)",12/11/2024 16:37,Sputniknews Africa,Russia,Economic Impact,Diplomacy,Alarmist,Ethiopia,https://en.sputniknews.africa/20241112/1069198804.html,4
"UNITED NATIONS, November 12. /TASS/. A number of countries, including Bulgaria, Hungary, Georgia, Moldova, and Ukraine voted against the Russia-initiated resolution titled Combating the Glorification of Nazism, Neo-Nazism, and Other Practices That Contribute to Fueling Contemporary Forms of Racism, Racial Discrimination, Xenophobia, and Related Intolerance, a TASS correspondent reported. A total of 54 countries voted against it. Along with the above-mentioned countries, Australia, Austria, Germany, Greece, Italy, Lithuania, the United States, Poland, France, Finland, the Czech Republic, and Estonia were among them. Meanwhile, 116 countries, including Azerbaijan, Algeria, Armenia, Belarus, Bolivia, Brazil, China, Cuba, Serbia, and Syria, supported the document. The draft resolution was co-authored by Algeria, Azerbaijan, Armenia, Bolivia, Burkina Faso, Venezuela, Kazakhstan, China, North Korea, Cuba, Kyrgyzstan, Laos, Mali, Nicaragua, Pakistan, South Korea, Serbia, Syria, Sudan, Tajikistan, Togo, Uganda, Uzbekistan, Ethiopia, South Africa, and other countries. Russia has been traditionally initiating this resolution every year since 2005. The 74-paragraph document strongly condemns incidents linked with the glorification and propaganda of Nazism, welcomes efforts to preserve historical truth, recommends that measures be taken to avert the denial of crimes against humanity, to prevent revisionism in respect of World War II. The resolution also ""strongly condemns the use in educational settings of educational material and rhetoric that promulgate racism, discrimination, hatred and violence on the basis of ethnic origin, nationality, religion or belief."".",12/11/2024 00:11,TASS Russia News Agency,Russia,Human Rights Advocacy,Diplomacy,Factual,Ethiopia,https://tass.com/world/1870885,4
"Forum in Sochi Could Accelerate Achieving Goals of AU Agenda 2063, Ethiopia's Foreign Minister Says Forum in Sochi Could Accelerate Achieving Goals of AU Agenda 2063, Ethiopia's Foreign Minister Says Sputnik Africa On November 9-10, Russia's city of Sochi hosted the first Ministerial Conference of the Russia-Africa Partnership Forum. The conference was attended by... 11.11.2024, Sputnik Africa 2024-11-11T16:39+0100 2024-11-11T16:39+0100 2024-11-12T13:00+0100 sub-saharan africa east africa ethiopia russia-africa cooperation russia-africa partnership forum conference african union (au) foreign minister The first ministerial conference of the Russia-Africa Partnership Forum could accelerate achieving the African Union's 2063 development goals, Ethiopian Foreign Minister Gedion Timothewos said on the sidelines of the event.The minister underscored the development of relations between Russia and Africa in such spheres as trade and investment. He also stressed the importance of cooperation in science and technology, agriculture and industry.Timothewos noted that Ethiopia welcomes the fact that Russia is poised to contribute to reforms in the UN's Security Council, which will increase the number of countries that are represented there.On Saturday, the Russian Foreign Ministry reported that Russian Foreign Minister Sergey Lavrov and his Ethiopian counterpart discussed issues of deepening the two countries' coordination in BRICS and the UN during talks on the sidelines of the First Ministerial Conference of the Russia-Africa Partnership Forum. According to the Russian foreign ministry, the expansion of trade, economic, scientific, technical and humanitarian ties were a main topic of the talks. east africa ethiopia Sputnik Africa feedback@sputniknews.com +74956456601 MIA „Rossiya Segodnya“ 252 60 2024 Arif Adygezalov Arif Adygezalov News en_EN Sputnik Africa feedback@sputniknews.com +74956456601 MIA „Rossiya Segodnya“ 252 60 1920 1080 true 1920 1440 true 1920 1920 true Sputnik Africa feedback@sputniknews.com +74956456601 MIA „Rossiya Segodnya“ 252 60 Arif Adygezalov east africa, ethiopia, russia-africa cooperation, russia-africa partnership forum, conference, african union (au), foreign minister",11/11/2024 18:39,Sputniknews Africa,Russia,Economic Dependency,Finance,Cynical,Ethiopia,https://en.sputniknews.africa/20241111/forum-in-sochi-could-accelerate-achieving-goals-of-au-agenda-2063-ethiopias-foreign-minister-says-1069178740.html,4
"MOSCOW, November 11. /TASS/. Russia needs to ramp up cooperation with friendly countries - primarily those in BRICS - in shipbuilding and ensuring maritime security, says Presidential Aide Nikolay Patrushev, Chairman of the Maritime Board of Russia. ""We must increase our role in the World Ocean, enhance our own capabilities, and strengthen cooperation with friendly countries,"" Patrushev said in an interview for the Kommersant newspaper. According to the official, ""BRICS member states have big-time maritime potential."" ""Even for Ethiopia, the only landlocked BRICS country, maritime trade is of undeniable interest,"" the presidential aide said. ""The geographic positioning of BRICS countries suggests that we can’t do without working together in the World Ocean. We are talking about maintaining stability and security with regard to maritime routes, combining efforts in shipbuilding, developing port infrastructure, training maritime personnel and introducing new technologies,"" Patrushev underscored.",11/11/2024 18:31,TASS Russia News Agency,Russia,Economic Impact,Diplomacy,Alarmist,Ethiopia,https://tass.com/defense/1870755,4
"Belarus has officially accepted the invitation, the Foreign Ministry in Minsk has confirmed Belarus has officially become a partner country of the BRICS economic bloc, the Foreign Ministry in Minsk announced in a statement on Monday. One of Russia’s closest allies, Belarus has become a target of Western sanctions over the Ukraine conflict. Belarusian Foreign Minister Maksim Ryzhenkov has delivered a letter addressed to Russian President Vladimir Putin and written by the country’s president Alexander Lukashenko, to Moscow’s ambassador in Minsk Boris Gryzlov, the ministry’s press service has said. In his letter, the Belarusian leader described BRICS as “a pillar of a multipolar world” that gives many countries “hope for a fairer world order.” The new ‘partner country’ status was approved as a result of the BRICS summit in the Russian city of Kazan last month. It provides for permanent participation in special sessions of the bloc’s summits and foreign ministers’ meetings, as well as other high-level events. Partners may also join the BRICS outcome documents, thus expanding their geographical scope. The partner status was devised as an alternative to membership, after more than 30 nations applied to join the bloc. BRICS had initially been comprised of Brazil, Russia, India, China, and South Africa, and expanded when Egypt, Iran, Ethiopia, and the United Arab Emirates officially became members earlier this year. Last week, Russian President Vladimir Putin said that summit participants had agreed on a list of potential candidates, with invitations to be sent shortly. Although Russia, which holds BRICS chairmanship this year, has not officially released the list of aspiring partners, among the reported potential candidates are Algeria, Belarus, Bolivia, Cuba, Indonesia, Kazakhstan, Malaysia, Nigeria, Thailand, Turkiye, Uganda, Uzbekistan and Vietnam. ”If the countries give a positive response, they will be granted the status of BRICS partners,” said Putin. The delivery of Lukashenko’s personal response to the invitation makes Belarus’ partner status effective, the Belarusian Foreign Ministry stated. During the Kazan summit last month, Lukashenko said that Minsk was ready to become an “active member” of the bloc. “We fully share the BRICS philosophy. Belarus is coming to you with specific ideas and projects,” he proclaimed. The Belarusian leader had previously described BRICS as “a large step towards a multipolar world” and an eventual end of the West’s “global hegemony.” According to President Putin, the BRICS group of emerging countries represents a “prototype of a new, free and non-bloc” form of relations between countries and peoples.",11/11/2024 16:55,Russia Today,Russia,Economic Dependency,Finance,Factual,Ethiopia,https://www.rt.com/russia/607478-belarus-becomes-brics-partner/,4
"SIRIUS /Federal Territory/, November 11. /TASS/. Namibia would like to become a member of BRICS, the country’s ambassador to Moscow, Clemens Handuukeme Kashuupulwa, told TASS on the sidelines of the first ministerial conference of the Russia-Africa Partnership Forum. When asked if his country is interested to join the association he replied: ""Yes, obviously. You cannot be behind it [this process], which will open up interaction with progressive nations for us,"" he said. The ambassador noted that the country is preparing for possible accession to BRICS. ""We are working closely with South Africa [on this matter], but for the moment we are not yet prepared to be members of BRICS. This process was also delayed due to the death of our president. We will have elections on November 27. After that, we will continue our work,"" the ambassador explained. The BRICS group was founded in 2006 by Brazil, Russia, India, and China, with South Africa joining it in 2011. On January 1, 2024, Egypt, Ethiopia, Iran, Saudi Arabia, the United Arab Emirates, became its full-fledged members. Following the BRICS summit in Kazan, Russian President Vladimir Putin announced that the list of partner countries of the association had been agreed upon. Their full list was not named. As the Russian leader explained, invitations would first be sent to these states, and upon receiving a positive response, it would be announced what states are on this list.",11/11/2024 14:49,TASS Russia News Agency,Russia,Economic Impact,Diplomacy,Alarmist,Ethiopia,https://tass.com/world/1870587,4
"SIRIUS /Federal Territory/, November 11. /TASS/. Uganda has received an invitation to become a BRICS partner country, the East African nation’s Foreign Minister Odongo Jeje Abubakher told TASS. ""Yes, it was received. We are processing the invitation; it is now a matter of our internal processes,"" he said on the sidelines of the first ministerial conference of the Russia-Africa Partnership Forum. The group has expanded twice since being created in 2006. South Africa joined the four founding nations - Brazil, Russia, India and China - in 2011. Egypt, Ethiopia, Iran, Saudi Arabia and the United Arab Emirates became full-fledged BRICS members on January 1, 2024. Russian President Vladimir Putin said following a BRICS summit in the Russian city of Kazan in October that a list of the group’s partner countries had been approved. However, it wasn’t made public. The Russian leader explained that first, invitations would be sent to those countries and once they gave a positive response, the countries’ names would be announced.",11/11/2024 12:49,TASS Russia News Agency,Russia,Economic Dependency,Finance,Cynical,Ethiopia,https://tass.com/world/1870487,4
"Russia Supports Uganda as BRICS Partner Nation, FM Lavrov States Russia Supports Uganda as BRICS Partner Nation, FM Lavrov States Sputnik Africa MOSCOW (Sputnik) - The status of a BRICS partner offers a different option from full membership, enabling nations to interact with BRICS without having voting... 09.11.2024, Sputnik Africa 2024-11-09T17:14+0100 2024-11-09T17:14+0100 2024-11-11T15:22+0100 russia-africa cooperation sergey lavrov jeje odongo russia uganda saudi arabia brics african union (au) east africa brics expansion Russia has supported Uganda as BRICS partner nation, emphasizing its ""well-balanced and constructive"" approach to international affairs, Russian Foreign Minister Sergey Lavrov said on Saturday. The first Ministerial Conference of the Russia-Africa Partnership Forum is taking place from November 9-10 in Russia's Sochi. BRICS is an intergovernmental association created in 2006. Russia assumed the rotating presidency of the bloc on January 1, 2024. The year began with the accession of new members to the association. In addition to Russia, Brazil, India, China and South Africa, it now includes Egypt, Ethiopia, Iran, the United Arab Emirates and Saudi Arabia, according to the website of the Russian 2024 BRICS Chairmanship. Saudi Arabia has not reportedly formalized its participation but has been taking part in BRICS meetings. russia uganda saudi arabia east africa Sputnik Africa feedback@sputniknews.com +74956456601 MIA „Rossiya Segodnya“ 252 60 2024 Sputnik Africa feedback@sputniknews.com +74956456601 MIA „Rossiya Segodnya“ 252 60 News en_EN Sputnik Africa feedback@sputniknews.com +74956456601 MIA „Rossiya Segodnya“ 252 60 1920 1080 true 1920 1440 true 1920 1920 true Sputnik Africa feedback@sputniknews.com +74956456601 MIA „Rossiya Segodnya“ 252 60 Sputnik Africa russia-africa cooperation, sergey lavrov, jeje odongo, russia, uganda, saudi arabia, brics, african union (au), east africa, brics expansion, russia-africa partnership forum",09/11/2024 19:14,Sputniknews Africa,Russia,Economic Impact,Diplomacy,Alarmist,Ethiopia,https://en.sputniknews.africa/20241109/russia-supports-uganda-as-brics-partner-nation-fm-lavrov-states-1069138687.html,4
"Russian, Ethiopian FMs Discuss Deepening Coordination in BRICS & UN Russian, Ethiopian FMs Discuss Deepening Coordination in BRICS & UN Sputnik Africa The First Ministerial Conference of the Russia-Africa Partnership Forum, following the Second Russia-Africa Summit in 2023, began its work on Saturday at the... 09.11.2024, Sputnik Africa 2024-11-09T11:59+0100 2024-11-09T11:59+0100 2024-11-11T14:45+0100 sub-saharan africa russia-africa cooperation russia sochi ethiopia east africa russia-africa partnership forum cooperation international brics Russian Foreign Minister Sergey Lavrov and Ethiopian Foreign Minister Gedion Timothewos discussed issues of deepening the two countries' coordination in BRICS and the UN during talks on the sidelines of the First Ministerial Conference of the Russia-Africa Partnership Forum, the Russian Foreign Ministry reported.On the sidelines of the Russia-Africa Ministerial Meeting in Sochi, Lavrov has already held bilateral talks with the Foreign Ministers of the Central African Republic, Rwanda, Algeria, Cameroon, Uganda, Mali, Namibia, Equatorial Guinea, Burundi, Guinea, the Republic of the Congo, Togo, and Ethiopia. russia sochi ethiopia east africa Sputnik Africa feedback@sputniknews.com +74956456601 MIA „Rossiya Segodnya“ 252 60 2024 Ekaterina Shilova Ekaterina Shilova News en_EN Sputnik Africa feedback@sputniknews.com +74956456601 MIA „Rossiya Segodnya“ 252 60 1920 1080 true 1920 1440 true 1920 1920 true Sputnik Africa feedback@sputniknews.com +74956456601 MIA „Rossiya Segodnya“ 252 60 Ekaterina Shilova russia-africa cooperation, russia, sochi, ethiopia, east africa, russia-africa partnership forum, cooperation, international, brics, brics expansion, brics summit 2024, brics plus, brics summit, united nations (un), sergey lavrov, foreign ministry, russian foreign ministry, foreign minister",09/11/2024 13:59,Sputniknews Africa,Russia,Economic Dependency,Finance,Factual,Ethiopia,https://en.sputniknews.africa/20241109/russian-ethiopian-fms-discuss-deepening-coordination-in-brics--un-1069126752.html,4
"In mid-October, during the BRICS Business Forum in Moscow, the Russian Direct Investment Fund (RDIF) partnered with domestic data center operator BitRiver to construct Bitcoin mining and AI computing facilities for BRICS nations. The project could see the BRICS group of nations — which already has a combined gross domestic product larger than the G7 nations — build a crypto-based payment system. Since Western sanctions were imposed on Russia in 2022 following the invasion of Ukraine, various options for mutual payments within BRICS have been discussed, also including a basket of local currencies and a gold-backed currency. Growing out mining infrastructure On Oct. 18, RDIF and BitRiver announced a partnership to implement projects to introduce artificial intelligence (AI) technology, increase Russia's share in the global computing capacity market and build Bitcoin mining and AI computing centers in BRICS countries. ""Together with RDIF, we will focus on creating an infrastructure base based on mining — building data centers and bringing the necessary capacity to them so that it will be possible to deploy and implement AI-related projects,"" BitRiver owner and CEO Igor Runets said. RDIF is Russia's sovereign investment fund created by the government in 2011. The fund's goal is to attract investment in various areas of the country's economy. RDIF acts as a co-investor together with industry leaders, international institutional investors and other sovereign funds. According to the fund, it has implemented more than 100 projects totaling over 2.2 trillion rubles ($22.5 billion). BitRiver is Russia's largest operator of data centers for energy-intensive computing, such as mining or AI. The operator currently manages 21 operating data centers in Russia, and 10 more facilities are under construction. Incidentally, BitRiver was the first Russian mining company on the sanctions list of the U.S. Office of Foreign Assets Control (OFAC). RDIF and BitRiver said they plan to implement the construction of data centers in the BRICS countries and conclude the necessary partnerships. There is a global shortage of available space in energy-intensive data centers, and this opens up great opportunities for Russia given its experience, the statement said. The partners will focus on expanding the potential of data centers with the possibility of further scaling of technologies in the BRICS markets, RDIF CEO Kirill Dmitriev was quoted as saying by the RBC business daily, adding that the development of crypto mining and computing power for AI implementation is a priority for Russia and its partners in the bloc. RDIF also proposed the idea of creating a joint investment platform for BRICS member countries to invest in high technology, including AI, the state-run TASS news agency reported. In addition, RDIF proposed to create a BRICS alliance in the field of artificial intelligence to ensure technological leadership. According to RDIF's estimates, the potential GDP growth of the BRICS countries due to the introduction of AI technologies will amount to about 1.2%, or 340 billion euros ($366 billion) per year. Domestic limitations The BRICS mining and AI center announcement came just a couple of weeks before Russia's law legalizing crypto mining came into force on Nov. 1. Still, crypto miners in Russia will not be allowed to operate without constraints, as the law mandates all Bitcoin miners to register with Russia's Federal Tax Registry and submit lists of equipment models and wallet addresses. Nor will the lifting of the crypto mining ban facilitate the segment's smooth operation as Russia is currently facing rising electricity costs and devaluation of the ruble. Although crypto mining remained illegal in Russia until this month, the country has always played a significant role in the global crypto mining infrastructure. In the last few years, however, this role has been declining. Currently, Russia accounts for approximately 5% of the global Bitcoin hash rate, down from over 11% just three years ago. Although this decline is partially explained by shifts in the global Bitcoin mining landscape, it's also true that Russia is no longer a country with abundant, low-cost hydropower. Inspiration for other countries? Meanwhile, Russia’s initiative to expand Bitcoin mining into other countries might inspire other nations to develop similar domestic plans. Nico Smid, founder of Digital Mining Solutions, was cited by Cointelegraph, suggesting that other nations may view the BRICS approach as an example and begin monetizing underutilized energy resources for Bitcoin mining. Already, three countries — Argentina, Ethiopia and the United Arab Emirates — are leveraging state-owned resources to mine Bitcoin. In addition, Russia’s ambitions in Bitcoin mining and AI could represent a broader attempt to secure a geopolitical advantage. As many regions still lack advanced IT infrastructure, Russia’s involvement could be an opportunity to expand its sphere of influence. Incidentally, Russia’s BRICS initiative may also play a role in redistributing the global Bitcoin hash rate, which is currently concentrated in the United States. Crypto payments between BRICS countries? One key reason for Russia’s growing interest in crypto mining is its desire to access decentralized liquidity for international transactions and to bypass anti-Russian sanctions stemming from the conflict in Ukraine. Russian companies are struggling to acquire foreign goods and receive payments due to the ongoing sanctions from Western nations. In July, the Russian State Duma, the lower house of parliament, introduced a law permitting the use of cryptocurrencies in international trade. Additionally, the Russian government is considering the launch of at least two crypto exchanges in Moscow and St. Petersburg to facilitate conversions between rubles and cryptocurrencies within a national payment system regulated by the Russian Central Bank. The goal is to establish a legal framework to manage these exchanges and explore both the legal and technological challenges posed by stablecoins pegged to the Chinese yuan and a selection of BRICS currencies. More extensive use of cryptocurrencies could help Russia counter the impact of sanctions, offering an alternative for cross-border transactions. This could enhance Russia's economy, increase international trade and strengthen payment infrastructure within the BRICS countries. The idea of using crypto to settle payments between BRICS countries was first floated last year. Back then, Russian presidential aide Yury Ushakov said that Russia would strive to create an independent payment system based on digital currencies and blockchain. ""We believe that an important goal for the future is to create an independent settlement payment system within BRICS, which would be based on the most modern technologies, such as digital currencies and blockchain,"" he was quoted as saying by TASS. ""And most importantly, it would be comfortable for states, population and business, would not require serious expenses and would be beyond politics,"" he concluded. This article was first published by bne IntelliNews.",08/11/2024 16:29,The Moscow Times,Russia,Economic Dependency,Finance,Cynical,Ethiopia,https://www.themoscowtimes.com/2024/11/08/russia-to-mine-bitcoin-in-brics-countries-a86952,4
"Ethiopia's BRICS Entry is 'Hopeful New Era' for Economic, Political Benefits: Russian Ambassador Ethiopia's BRICS Entry is 'Hopeful New Era' for Economic, Political Benefits: Russian Ambassador Sputnik Africa Ethiopia officially joined the BRICS group of nations on January 1, a move Ethiopian Prime Minister Abiy Ahmed described as a step towards an ""inclusive and... 06.11.2024, Sputnik Africa 2024-11-06T12:18+0100 2024-11-06T12:18+0100 2024-11-09T08:16+0100 sub-saharan africa russia-africa cooperation ethiopia brics brics expansion brics summit 2024 brics plus brics summit east africa international The 16th BRICS Summit in Kazan, Russia, provided a platform for emerging economies to promote multilateral cooperation and global development, according to Russian Ambassador to Ethiopia Evgeny Terekhin.He noted that the BRICS have launched initiatives to improve food security, digital health, and traditional medicine access.Terekhin views Ethiopia's entry into BRICS as a ""hopeful new era"" for the nation, promising political and economic benefits. He highlighted the unique nature of BRICS, emphasizing its flexible, multilateral approach that gives all member states an equal voice in decision-making.Ethiopia's large population, economic potential, and geopolitical significance position it to benefit immensely from BRICS membership, the ambassador noted.BRICS offers promising avenues for loans and assistance, crucial for Ethiopia's aspirations for prosperity, Evgeny Terekhin concluded. ethiopia east africa russia kazan addis ababa Sputnik Africa feedback@sputniknews.com +74956456601 MIA „Rossiya Segodnya“ 252 60 2024 Ekaterina Shilova Ekaterina Shilova News en_EN Sputnik Africa feedback@sputniknews.com +74956456601 MIA „Rossiya Segodnya“ 252 60 1920 1080 true 1920 1440 true 1920 1920 true Sputnik Africa feedback@sputniknews.com +74956456601 MIA „Rossiya Segodnya“ 252 60 Ekaterina Shilova russia-africa cooperation, ethiopia, brics, brics expansion, brics summit 2024, brics plus, brics summit, east africa, international, russia, kazan, african union (au), ambassador, diplomats, alexander gorchakov public diplomacy support fund, addis ababa",06/11/2024 14:18,Sputniknews Africa,Russia,Economic Impact,Finance,Alarmist,Ethiopia,https://en.sputniknews.africa/20241106/ethiopias-brics-entry-is-hopeful-new-era-for-economic-political-benefits-russian-ambassador-1069068822.html,4
"Heralding a shift in East Africa's geopolitical landscape, Turkish President Recep Tayyip Erdogan hosted Ethiopian Prime Minister Abiy Ahmed and Somali President Hassan Sheikh Mohamud in Ankara, showcasing Türkiye's growing role as an important diplomatic actor in Africa. After a reported seven hours of talks, the “Ankara Declaration” made successful progress in solving the disagreement over Ethiopia's surprise Memorandum of Understanding (MoU) [1] with Somaliland, the self-declared republic in Somalia, in January 2024. - How diplomacy calmed Ethiopia-Somalia tensions As per the January 2024 MoU, Ethiopia previously hoped to gain both commercial access and a naval base in Somaliland's strategic Berbera port on the Red Sea in exchange for Ethiopia recognizing Somaliland as a state. Tensions escalated as Ethiopia, the world's largest landlocked country, sought sea access, while Somalia feared its sovereignty over Somaliland, recognized internationally as part of its borders, would be violated. It even sparked fears of a conflict, especially after Egypt deployed around 5,000 troops and sent weapons to Somalia following a defense agreement [2] in August, aimed at deterring Ethiopia. That underscored the need for calm mediation, as seen in Türkiye's proactive diplomacy, which began in an initial round of talks in early July 2024 and a second in August, aiming to get to the bottom of both sides' disagreements. What started as ""shuttle diplomacy,"" with President Erdogan conducting separate meetings with his Ethiopian and Somali counterparts, Abiy Ahmed and Hassan Sheikh Mohamud, the talks eventually culminated in bringing both leaders together. In effect, Türkiye's mediatory efforts aimed to create a space for dialogue between the two leaders—evidently a more effective form of diplomacy—rather than attempting to impose a solution. Now, Ethiopia has agreed to recognize Somalia's territorial integrity in exchange for gaining commercial access to the Somali coastline. It will also ease Egypt's concerns about Somalia's sovereignty. A further round of talks will take place in February 2025 to consolidate these efforts, including a technical delegation to detail how Ethiopia will gain equitable access to the sea while respecting Somalia's sovereignty. - Türkiye's strategic role in Africa diplomacy Türkiye's strong ties with both Ethiopia and Somalia uniquely positioned it to facilitate the Ankara Declaration. These ties have steadily expanded since 2011, when Ankara first donated substantial humanitarian aid to Somalia during the country's devastating famine. [3] This role grew further when, in 2017, it established the military facility in Mogadishu named TurkSom [4] to help train Somali forces, particularly for countering groups such as al-Shabaab, a long-standing destabilizing force in the country. This deepening engagement reflects Türkiye's broader strategy of fostering equitable partnerships in a region that has often been cautious about external interference. It has also positioned Türkiye to fill an important gap, given that European nations and the United States (US)—which were historically influential in Africa—have reduced their engagement in the continent's disputes. Yet beyond merely offering an alternative to actors like the US, the European Union (EU) and China, the Ankara Declaration has already enhanced Türkiye's credentials as a diplomatic actor among international actors, with the US, the United Kingdom (UK), Germany, the United Nations (UN), and others praising its diplomatic efforts [5] in resolving the Ethiopia-Somalia dispute. Given that faith in Ankara's mediatory capabilities, Western actors wishing to engage with the Horn of Africa in the future may very well see Türkiye as a vital bridge for collaboration. - What next for Türkiye in Africa? Ankara will continue to play a role in consolidating Ethiopia and Somalia's ties, with President Erdogan planning to pay a visit to both countries in early 2025. Moreover, given the African Union's praise for the Ankara Declaration, it will boost trust in Türkiye's mediatory role across the continent, potentially in key areas like Libya and Sudan. Beyond mediation, Ankara's outlook has also focused on trade and investment. And initially focused on the Horn of Africa, Türkiye has also expanded its engagement across the continent, building ties with West African nations like Nigeria and Senegal and in the Sahel. It has been seen as a reliable partner in various forms of investment, especially in infrastructure. For instance, in 2023 alone, Turkish contractors were involved in around $85.5 billion worth of construction projects, including airports, hospitals, railways, and housing projects, according to the Trade Ministry. [6] Combined, these efforts have strengthened Ankara's ties across the continent. While many African states may face individual challenges going forward, Türkiye's multi-sided form of diplomacy will likely further advance its cooperation across the continent going into 2025 and beyond. [1] [2] [3] [4] [5] [6] *Opinions expressed in this article are the author's own and do not necessarily reflect Anadolu's editorial policy.",16/12/2024 13:09,Yeni Şafak,Turkey,Economic Impact,Diplomacy,Alarmist,Ethiopia,https://www.yenisafak.com/en/news/opinion-what-ankara-declaration-means-for-turkiyes-relations-with-africa-3695798,5
"The Ankara Declaration between Ethiopia and Somalia, brokered by Türkiye, has been hailed as ""potentially big news"" by Will Brown, a senior fellow at the European Council on Foreign Relations, marking a pivotal moment following a year of tense developments in the Horn of Africa. Brown emphasized that Türkiye's growing influence in the Horn of Africa region stems from its successful strides in trade and defense, which have set it apart as a key player on the African continent. Brown shared his insights with Anadolu Agency regarding the agreement, facilitated by Türkiye. “The news coming out of Ankara is potentially huge,” said the Brussels-based expert. - Europe cannot concentrate on Africa Brown argued that African nations increasingly find it more appealing to engage with Türkiye than to navigate “the Brussels labyrinth and 27 European states, each with its own agenda.” However, he acknowledged that Europe remains Africa's largest trading partner. “Europeans are doing their best to give Africans a greater position on the global stage,” he said, but noted that many European officials still hold outdated views about Africa. “They have grown up with the idea that Africa is just a place to send aid and development money or a source of migration, not a thriving continent full of opportunity, smart and hardworking young people,” Brown remarked. He added that Europe's focus on Africa has waned in light of the Ukraine-Russia war, which demands much of its energy and resources. - Türkiye's growing influence in Africa “Ankara certainly has significant influence in the Horn of Africa due to its relatively new and exciting trade links, heavy involvement in Somalia, and the desirability of its Bayraktar drones,” Brown explained. The European Commission's ""Turkey Report"", part of the 2024 Enlargement Package, also highlighted Türkiye's expanding footprint in Africa, citing its “balanced” stance in conflicts in Somalia and Sudan and its role as a mediator. The dispute between Ethiopia and Somalia began in January, when Ethiopia signed a deal with Somalia's breakaway region of Somaliland to use the Red Sea port of Berbera. Since then, Türkiye has worked to ease tensions between the two nations. The Ankara Declaration was reached during talks hosted by Turkish President Recep Tayyip Erdogan, with Somali President Hassan Sheikh Mohamud and Ethiopian Prime Minister Abiy Ahmed in attendance. “We have taken the first step toward a new beginning based on peace and cooperation between Somalia and Ethiopia,” Erdogan said at a joint news conference in the Turkish capital. The leaders of Somalia and Ethiopia reaffirmed their “respect and commitment to one another's sovereignty, unity, independence, and territorial integrity,” as well as the principles of international law, the UN Charter, and the African Union's Constitutive Act, according to Türkiye's Communications Directorate.",14/12/2024 10:55,Yeni Şafak,Turkey,Economic Impact,Diplomacy,Cynical,Ethiopia,https://www.yenisafak.com/en/news/ankara-declaration-hailed-as-a-game-changer-for-africa-by-expert-3695714,4
"The Chairperson of the African Union (AU), Moussa Faki Mahamat, has warmly welcomed the recent agreement between Somalia and Ethiopia, facilitated through Türkiye's mediation efforts. The historic pact was signed earlier this week, marking a significant milestone in the diplomatic relations between the two East African nations. Faki commended the resolution of a longstanding dispute between Somalia and Ethiopia, highlighting the importance of dialogue, cooperation, and peaceful diplomacy in resolving conflicts across the continent. He extended his congratulations to Turkish President Recep Tayyip Erdoğan, acknowledging Türkiye's crucial role in bringing the two countries together and supporting peace efforts in the region. The peace talks, which were mediated by Türkiye, led to the signing of the Ankara Declaration, a joint agreement aimed at improving bilateral relations and addressing long-standing tensions, including issues related to border security, trade, and regional stability. The agreement is expected to strengthen ties between Ethiopia and Somalia, while also promoting stability in the Horn of Africa. President Erdoğan's leadership in brokering the deal has been widely praised. ""This agreement not only opens new opportunities for Somalia and Ethiopia but also sets an example for other African countries seeking peaceful resolutions to their conflicts,"" said Faki. ""The African Union continues to stand in support of all efforts that promote peace and stability on the continent."" EUROPEAN UNION COMMENDS TÜRKİYE'S ROLE In addition to the African Union's praise, the European Union (EU) has also welcomed the resolution of the Ethiopia-Somalia dispute. The EU issued a statement recognizing Türkiye's ""important"" role in facilitating the negotiations between the two nations, underscoring that the agreement represents a positive step for peace and regional cooperation. A spokesperson for the EU expressed appreciation for the diplomatic efforts of President Erdoğan and Türkiye, stating that such initiatives are vital for fostering stronger relationships and ensuring long-term peace in the Horn of Africa. The EU reiterated its support for the peaceful coexistence of Somalia and Ethiopia and emphasized its continued commitment to assisting both countries in their efforts to implement the terms of the agreement. The EU further emphasized that the cooperation between the two countries, bolstered by Türkiye's mediation, would contribute significantly to regional stability, economic development, and security in East Africa.",12/12/2024 14:48,A News,Turkey,Economic Impact,Diplomacy,Alarmist,Ethiopia,https://www.anews.com.tr/africa/2024/12/12/african-union-chair-welcomes-turkish-mediated-pact-between-somalia-and-ethiopia-congratulates-turkish-president-erdogan-for-his-support,5
"Türkiye's mediation efforts and the deal brokered by President Recep Tayyip Erdogan between Somalia and Ethiopia were covered by European media outlets. President Erdogan announced late Wednesday that Ethiopia and Somalia reached an agreement to solve the conflict between the two nations in Ankara-mediated peace talks, following a meeting with Ethiopian Prime Minister Abiy Ahmed and Somali President Hassan Sheikh Mohamud in Ankara. ""Türkiye: Ethiopia and Somalia found compromise,"" the Austrian public broadcaster ORF said. “According to Turkish president, Ethiopia, Somalia agree to end tensions,” French daily Ouest-France wrote. ""Deal putting end to tensions between Ethiopia, Somalia brokered by Turkey,"" French daily Le Monde also noted. ""Turkey says Ethiopia, Somalia reach compromise deal to end feud,"" French broadcaster France 24 reported. Ties between Ethiopia and Somalia had worsened since Ethiopia struck a deal with the breakaway region of Somaliland on Jan. 1 to use its Red Sea port of Berbera. Türkiye has been working to end tensions between the two countries. Ethiopia lost its Red Sea ports in the early 1990s after the Eritrean War of Independence, which lasted from 1961 to 1991. In 1991, Eritrea gained independence from Ethiopia, leading to the establishment of two separate nations. The separation resulted in Ethiopia losing direct access to the Red Sea and key ports. Ethiopia has since been landlocked, affecting its ability to conduct efficient maritime trade.",12/12/2024 12:36,Yeni Şafak,Turkey,Economic Impact,Diplomacy,Factual,Ethiopia,https://www.yenisafak.com/en/world/european-media-highlight-deal-brokered-by-turkiyes-erdogan-between-somalia-ethiopia-3695638,4
"The Ankara Declaration signed between Somalia and Ethiopia is an important manifestation of Türkiye's credible position in the eyes of the peoples and states in Africa, Türkiye's communications director said late Wednesday. The declaration is one of the finest examples of Türkiye's peace diplomacy under the leadership of President Recep Tayyip Erdogan, Fahrettin Altun said on X. ""Our multidimensional and peaceful diplomatic efforts and mediation efforts across many regions make significant contributions to global peace,"" he said. Turkish President Erdogan, Ethiopian Prime Minister Abiy Ahmed and Somali President Hassan Sheikh Mohamud held a press conference earlier Wednesday in the Turkish capital Ankara to announce an agreement, the Ankara Declaration, reached during Türkiye-mediated peace talks. The leadership diplomacy carried out by Erdogan has been and will continue to be ""appreciated"" by the entire world for its contributions to sustainable peace on both regional and global levels, Altun said. It also opens new hopes and opportunities for humanity, he added. ""We hope that this agreement, reached through Türkiye's mediation between Somalia and Ethiopia, will bring peace, tranquility and stability to not just these two friendly nations, but to the entire region, the continent, and the world."" Turkish Vice President Cevdet Yilmaz said on X that the Ankara Declaration was a proud moment for Türkiye and humanity. ""There are no winners in a conflict, and no losers in a just peace. I hope this serves as a model for resolving other international issues in a beneficial way,"" he said. Ties between Ethiopia and Somalia had worsened since Ethiopia struck a deal with the breakaway region of Somaliland on Jan. 1 to use its Red Sea port of Berbera. Türkiye has been working to end tensions between the two countries. Ethiopia lost its Red Sea ports in the early 1990s after the Eritrean War of Independence, which lasted from 1961 to 1991. In 1991, Eritrea gained independence from Ethiopia, leading to the establishment of two separate nations. The separation resulted in Ethiopia losing direct access to the Red Sea and key ports. Ethiopia has since been landlocked, affecting its ability to conduct efficient maritime trade.",12/12/2024 10:48,Yeni Şafak,Turkey,Economic Impact,Diplomacy,Alarmist,Ethiopia,https://www.yenisafak.com/en/news/ankara-declaration-highlights-turkiyes-trusted-position-among-african-nations-communications-director-3695631,5
"The Ankara Declaration signed between Somalia and Ethiopia is an important manifestation of Türkiye's credible position in the eyes of the peoples and states in Africa, Türkiye's communications director said late Wednesday. The declaration is one of the finest examples of Türkiye's peace diplomacy under the leadership of President Recep Tayyip Erdoğan, Fahrettin Altun said on X. ""Our multidimensional and peaceful diplomatic efforts and mediation efforts across many regions make significant contributions to global peace,"" he said. Turkish President Erdoğan, Ethiopian Prime Minister Abiy Ahmed and Somali President Hassan Sheikh Mohamud held a press conference earlier Wednesday in the Turkish capital Ankara to announce an agreement, the Ankara Declaration, reached during Türkiye-mediated peace talks. The leadership diplomacy carried out by Erdoğan has been and will continue to be ""appreciated"" by the entire world for its contributions to sustainable peace on both regional and global levels, Altun said. It also opens new hopes and opportunities for humanity, he added. ""We hope that this agreement, reached through Türkiye's mediation between Somalia and Ethiopia, will bring peace, tranquility and stability to not just these two friendly nations, but to the entire region, the continent, and the world."" Turkish Vice President Cevdet Yilmaz said on X that the Ankara Declaration was a proud moment for Türkiye and humanity. ""There are no winners in a conflict, and no losers in a just peace. I hope this serves as a model for resolving other international issues in a beneficial way,"" he said. Ties between Ethiopia and Somalia had worsened since Ethiopia struck a deal with the breakaway region of Somaliland on Jan. 1 to use its Red Sea port of Berbera. Türkiye has been working to end tensions between the two countries. Ethiopia lost its Red Sea ports in the early 1990s after the Eritrean War of Independence, which lasted from 1961 to 1991. In 1991, Eritrea gained independence from Ethiopia, leading to the establishment of two separate nations. The separation resulted in Ethiopia losing direct access to the Red Sea and key ports. Ethiopia has since been landlocked, affecting its ability to conduct efficient maritime trade.",12/12/2024 07:33,A News,Turkey,Economic Impact,Diplomacy,Factual,Ethiopia,https://www.anews.com.tr/diplomacy/2024/12/12/ankara-declaration-highlights-turkiyes-trusted-position-among-african-nations-communications-director,4
"Türkiye's President Recep Tayyip Erdoğan announced late Wednesday that Ethiopia and Somalia reached an agreement to solve the conflict between the two nations in Ankara-mediated peace talks. ""We have taken the first step toward a new beginning based on peace, cooperation between Somalia, Ethiopia,"" President Erdoğan said at a joint news conference with his Somalian counterpart Hassan Sheikh Mohamud and Ethiopian Prime Minister Abiy Ahmed. Ankara's fundamental expectation is to establish peace and stability ""in this distinguished corner"" of Africa between Somalia and Ethiopia, he added. Türkiye believes the agreed-upon joint statement by Somalia and Ethiopia will establish a solid foundation for cooperation and prosperity based on mutual respect, he said. Erdoğan said Türkiye, Somalia and Ethiopia will plan future steps together and implement projects to boost regional peace and prosperity. He also praised Somalia's president and Ethiopia's prime minister for ""reaching this historic reconciliation with great dedication"" during the Ankara-mediated peace talks. Ahmed hailed Türkiye for its efforts in resolving the Somalia-Ethiopia conflict during the talks. Mohamud also hailed Türkiye's efforts in resolving the perennial territorial and political conflict between Somalia and Ethiopia. Ties between Ethiopia and Somalia have worsened since Ethiopia struck a deal with the breakaway region of Somaliland on Jan. 1 to use its Red Sea port of Berbera. Türkiye has been working to end tensions between the two countries. Ethiopia lost its Red Sea ports in the early 1990s after the Eritrean War of Independence, which lasted from 1961 to 1991. In 1991, Eritrea gained independence from Ethiopia, leading to the establishment of two separate nations. The separation resulted in Ethiopia losing direct access to the Red Sea and key ports. Ethiopia has since been landlocked, affecting its ability to conduct efficient maritime trade.",12/12/2024 00:42,A News,Turkey,Economic Impact,Diplomacy,Factual,Ethiopia,https://www.anews.com.tr/turkey/2024/12/12/ethiopia-somalia-reach-agreement-in-ankara-mediated-peace-talks-turkish-president-announces,4
"The bloc has essentially trapped itself by its sanctions, Konstantin Kosachev believes The EU can’t survive without cooperating with Russia and the BRICS states, Russian Federation Council Deputy Speaker Konstantin Kosachev said in an interview with RT on Saturday. Russia, however, needs the EU far less, he said. Kosachev noted that the sanctions imposed on Russia create a significant barrier to any real cooperation with the EU. The bloc has imposed 14 rounds of sanctions against Russia following the escalation of the Ukraine conflict in February 2022. These measures have targeted Russia’s central bank reserves held abroad, major banks, various companies, entrepreneurs, politicians, and officials, along with bans on numerous imports and exports. The Russian Foreign Ministry has condemned the sanctions as illegitimate, while President Vladimir Putin has described them as irrational. Kosachev pointed out that lifting these sanctions would require the unanimous approval of EU states, and that even if a majority supports removing them, dissent by just a few countries could derail such an initiative. He concluded that the EU has effectively trapped itself, which does not benefit its interests. “It is in a trap. And this does not work to the advantage of the European Union,” the deputy speaker emphasized. While he believes Russia will continue to thrive independent of the EU, he asserted that the EU’s survival hinges on its collaboration with Russia and other BRICS nations. “We will survive without cooperation with the European Union on our side. The European Union will not survive without cooperation with Russia and other member states in BRICS, this is for sure.” Earlier this month, Putin stated that Western efforts to isolate Russia economically and politically have ultimately failed. Russian Deputy Foreign Minister Aleksandr Grushko has claimed the EU’s total losses from sanctions imposed on Russia and restrictions on its economic activity are believed to be around $1.5 trillion, according to “the most conservative estimates.” Some EU nations contend that the sanctions have hurt the bloc more than Russia. Hungarian Prime Minister Viktor Orban cautioned on Friday that the EU’s sanctions regime “should be reviewed,” or else it risks “destroying” the European economy. Meanwhile, the well-attended annual BRICS summit that was held in October in Kazan, the first since the group’s expansion to include Egypt, Iran, Ethiopia, and the United Arab Emirates, highlighted that Russia remains globally connected despite Western sanctions. Delegations from 35 countries participated in the event. More than 30 nations, including NATO member Türkiye, have expressed interest in joining the group. BRICS now accounts for an estimated 37.3% of global GDP versus 14.5% for the EU",17/11/2024 12:17,kamumedya.com - KamuMedya,Turkey,Economic Impact,Diplomacy,Factual,Ethiopia,https://www.kamumedya.com/eu-won-t-survive-without-russia-and-brics-russian-senator-609653.html,4
"Belarus has officially become a BRICS partner. 12.11.2024 09:33 Belarus has officially announced its status as a BRICS partner. President Lukashenko sent a letter to Russian President Putin informing him of this situation. With the expansion of BRICS, Belarus's influence in the international arena will increase. Lukashenko's message that ""an increasing number of countries are also pinning their hopes for a fair world order on this union"" drew attention. ```html The Belarusian Ministry of Foreign Affairs announced that the country is officially a ""BRICS partner."" In a written statement from the ministry, it was noted that Belarusian President Aleksandr Lukashenko signed a letter to Russian President Vladimir Putin on November 5, indicating that Belarus is ready to join BRICS as a ""partner."" It was stated in the announcement that during the acceptance of the letter by Belarusian Foreign Minister Maksim Ryzhenkov from the Russian Ambassador to Minsk, Boris Gryzlov, ""A formal response to a written invitation is a mandatory element of the procedure for obtaining the status of a partner accepted by member states. From that moment on, the country is officially recognized as a BRICS partner."" LUKASHENKO'S MESSAGE ON WORLD ORDER IS STRIKING The announcement also included the content of President Lukashenko's letter. Lukashenko emphasized that BRICS has steadily strengthened multilateral interaction since its establishment, becoming not only a symbol but also one of the main pillars of multipolarity, stating, ""Not only member states but also an increasing number of countries in the global majority are linking their hopes for a fair world order to this union. The spirit of mutual respect and equality, the attractiveness of its goals, is leading to the relentless logic of BRICS's expansion."" Lukashenko expressed his satisfaction that Belarus's partnership with BRICS will be formalized during Russia's presidency. The ministry announced that in this way, Belarus confirmed its compliance with the necessary standards and criteria of BRICS and accepted to follow the guiding principles of the BRICS partner countries model. BRICS LEADERS HAD GATHERED IN RUSSIA Last month, a BRICS leaders' summit was held in Kazan, the capital of the Republic of Tatarstan, which is part of the Russian Federation, with participation from heads of state, heads of government, and ministers from 32 countries, including Turkey. After the summit, Russian President Vladimir Putin stated that they had agreed on a roadmap for the expansion of BRICS, saying, ""BRICS countries have agreed on a list of partner countries as the first stage of expansion."" Putin explained that invitations would be sent to the countries related to the union, stating, ""Some countries that participated in today's and yesterday's events have conveyed their proposals and requests for full participation in BRICS's activities. Later, we will send our invitation and proposal to future partner countries in this capacity. When we receive a positive response regarding participation in our activities, we will announce who is on this list. It would not be right to announce it now without receiving a complete response."" BRICS HAS A SIGNIFICANT PLACE IN THE WORLD ECONOMY Initially, the acronym ""BRIC,"" which did not include South Africa, entered the literature in 2001 when British economist Jim O'Neill used it in an article highlighting the growth potential of Brazil, Russia, India, and China. The establishment of the union dates back to 2009, initiated by Russia as an informal platform to balance the global dominance of the US and Western countries. With South Africa being invited a year later, the union took on its current name, BRICS. BRICS, which includes Brazil, Russia, India, China, and South Africa as founders, has expanded with the memberships of Egypt, Ethiopia, Iran, and the United Arab Emirates. This year, with the addition of 4 new countries, the total number of members has risen to 9, making BRICS significant in the world economy. ```",12/11/2024 09:37,Haberler.com,Turkey,Economic Impact,Diplomacy,Factual,Ethiopia,https://en.haberler.com/belarus-has-officially-become-a-brics-partner-18036479/,4
"Türkiye on Sunday said it was committed to deepening relations with Africa, which it and called on to back diplomatic support for Palestinians, as it held its latest African summit in Djibouti. Turkey has invested heavily across Africa in recent years, with President Recep Tayyip Erdogan carrying out 50 visits to 31 countries during his two decades in power. Fourteen African countries attended the latest ministerial meeting in the tiny Horn of Africa nation of Djibouti this weekend. They included Angola, Chad, Comoros, Republic of Congo, Egypt, Equatorial Guinea, Ghana, Libya, Mauritania, Nigeria, South Sudan, Zambia and Zimbabwe. Turkish Foreign Minister Hakan Fidan, who presided over the summit, said trade with the continent surpassed $35 billion last year and Turkey's direct investments now totalled $7 billion. ""Türkiye is employing a comprehensive and holistic approach in terms of enhancing our trade and economic partnership with the continent,"" Fidan said in a speech. Turkey has become the fourth largest arms supplier to sub-Saharan Africa and helped train armed forces in many countries. In recent months, it has attempted to mediate a feud between Ethiopia and Somalia, and struck a mining deal with Niger. Fidan reiterated support for the African Union to become a permanent member of the G20, and for reform of the United Nations Security Council. ""We should continue our efforts to make the UN more relevant and capable of confronting the complex challenges of the century. Security Council reform is critical in this sense,"" he said. Fidan also called for greater African involvement in the Israel-Palestinian conflict. ""We believe that Africa can play an instrumental role in supporting the Palestinian cause and in stopping Israel,"" he said. ""We appreciate the African countries that stand with Palestine,"" he added, highlighting South Africa's recent move to file evidence of ""genocide"" committed by Israel to the International Criminal Court. The next Turkiye-Africa Summit is due to be held in 2026.",03/11/2024 12:40,Yeni Şafak,Turkey,Economic Impact,Diplomacy,Alarmist,Ethiopia,https://www.yenisafak.com/en/news/turkiye-seeks-deeper-africa-ties-at-summit-3693849,4
"""We are determined to further our dialogue with the BRICS family, with whom we have developed close relations based on mutual respect and win-win stances ... We believe BRICS makes unique contributions to building a more just global order by serving the goals of development of global commerce, economic growth and sustainable development,"" President Recep Tayyip Erdoğan said while reiterating Türkiye’s sincere intent to join BRICS in his address to the recent summit of the bloc in Kazan, Tatarstan. Erdoğan's participation in the BRICS summit has certainly provided the impetus to Türkiye’s journey to eventually join this club – a bold and strategically well-timed move that is being viewed by the Western capitals with a lot of suspicions for a number of reasons. Türkiye’s NATO membership would mark a historic first, positioning the country as the only member of the alliance openly challenging Western powers. Relations between Ankara and its Western counterparts have been quite sour over the escalating violence in the Middle East. Erdoğan, during the ""Strengthening Multilateralism for Equitable Global Development and Security""-themed gathering, emphasized the inadequacy of post-World War II political and financial structures that have failed to adapt to a rapidly shifting global landscape, where socio-economic vulnerabilities are rising, and power balances are shifting. The Turkish president’s message was clear: His country remains committed to the idea that a fairer world is achievable. In an era of deep global challenges – be it economic inequality, security threats or climate crises – Erdoğan’s stance is indicative of a growing discomfort between Türkiye and the West on these matters, particularly instability in the Middle East. Erdoğan’s one-on-one meeting with his Russian counterpart President Vladimir Putin on the sidelines of the Kazan summit was also taken with a pinch of salt by many in the Western capitals. Türkiye’s formal application to join BRICS marked a key moment for this important group. Since its inception in 2006, BRICS has evolved into one of the most influential and effective blocs for economic and political stability across the globe. As a growing economy, Türkiye’s entry would certainly augment and beef up BRICS' role. The recent inclusion of Egypt, Ethiopia, Iran, Saudi Arabia and the United Arab Emirates (UAE) highlights the group's expansion in the regions of the Middle East and Africa, which are strategically important for Türkiye. This change also shows that BRICS is quickly emerging as a significant platform giving a voice to the Global South. With the recent expansion, BRICS now constitutes 28% of the worldwide economy, 45% of the global population and 44% of crude oil production, showing its growing potential to change the world stage. This strength supports the idea of a multipolar world and promotes fairer international relations. By uniting nations – with divergent economic and political outlooks – under one umbrella, BRICS can tackle urgent global issues and encourage fairer global governance. In a fragmented world where unilateralism often rules, a stronger BRICS alliance offers a spot for cooperation focused on inclusivity and respect. Symbol for Global South BRICS is a powerful symbol for the hopes of the Global South, reaching beyond its original members. Since it began, this group has built strong connections aligned with what emerging markets and developing nations want. BRICS has always supported openness and working together. Türkiye's membership application is a reflection of the appeal and strategic important BRICS has earned over the years. It seems multi-polarity is gaining currency in the Global South. As BRICS keeps inviting new members, its role as an alternative to Western power will only get stronger. This will help shape global governance and build a fairer world order. The essence of what makes BRICS attractive is that it represents a united voice seeking an open system. The flags of the BRICS members and guest participant countries are displayed at the BRICS summit, Kazan, Tatarstan, Russia, Oct. 24, 2024. (AA Photo) Türkiye's push to join BRICS has stirred reactions in Washington and Brussels. It's quite understandable why. Türkiye has been on the path to EU membership for many years, but it hasn’t been easy or smooth sailing. After long frustrated negotiations for the EU membership, Erdoğan now seems ready to explore other options. By applying for full membership in BRICS, Türkiye is not only making a strong geopolitical statement, but also carving a role of an influential player in the ever-changing world order. This is also symptomatic of the fact that power is moving away from traditional Western centers. Türkiye's own foreign policy stance often collides with NATO and the EU on topics like Gaza, Syria and Ukraine, depicting an independent foreign policy agenda. Ankara is trying to manage a complex diplomatic landscape that balances Western connections with aspirations in this new multipolar setting. What we're seeing isn’t merely a shift – it’s Türkiye reshaping its global role. Why an alternative? BRICS includes big emerging countries like Brazil, Russia, India, China and South Africa along with newer members like Saudi Arabia, the UAE and Iran. It all centers on economic teamwork and growth. It champions diversity – all sorts of differences can coexist productively within it. Even though member states have varying political beliefs, they can still work together successfully, a real show of potential cooperation. By joining BRICS, Türkiye would fit right into this focus on economic development since it's expected to be one of the top 12 economies by 2050. Joining would give Türkiye an alternative to the West-focused “rules-based” international framework. It’s more than just symbolic. It showcases what developing countries desire: fairness globally. Plus, it could help ease tension between NATO and nations in BRICS like China and Russia by bridging gaps between cultures, showing that Western dominance doesn’t have to define everything. Over nearly two decades, BRICS has attracted significant attention due to its successes in offering an alternative to today’s unfair international system – one that often leaves developing countries behind. That unjust setup pushes many toward BRICS, which symbolizes hope for better cooperation. While financial collaboration forms one part of what drives BRICS forward – as it remains magnetic – its original five members make up over half of global growth even during tough times. With new members added into this mix now coming onboard meaning higher growth potential and improved access thanks to enhanced resource capabilities throughout their developments, they stand united as numbers grow. Positioning itself as an alternative to the World Bank rather than the International Monetary Fund (IMF), the New Development Bank (NDB), first proposed in 2011 and operational by 2015, was started with $100 billion in capital. Though its pockets are not as deep as that of the World Bank, the NDB’s policy of lending in local currencies has set it apart, which is a key reason why more and more countries are opting to join BRICS. Still, this development demands a nuanced analysis, neither overstated nor overlooked. Official NDB figures divulge that 96 projects are currently being financed with loans totaling $32.8 billion. The majority are concentrated in China, Russia, Brazil, India and Egypt, with $20 billion of the total in U.S. dollars and the equivalent of $3 billion in euros. Interestingly, over $5 billion of the loans are denominated in renminbi, indicating a gradual shift. Although local currencies still have a tiny share, the movement is quite palpable in this direction. With around 75% of NDB loans still tied to the dollar and euro, it is too early to declare that BRICS is dismantling dollar hegemony. Yet it is challenging the influence of the dollar on the global economy. It is clear that BRICS is exploring alternatives – something neither the IMF nor World Bank offers. While the NDB may not rival the World Bank just yet, its existence signals the possibility of a broader financial shift. So, where does Türkiye fit into this equation, and why is BRICS so appealing to Ankara? The NDB mobilizes funds for infrastructure across member nations. This initiative boosts confidence among other countries that seek membership too. Beyond merely finance operations, strong infrastructure aids in supporting peaceful resolutions during conflicts, stabilizing forces within security sectors and promoting cultural exchanges by nurturing respect among diverse backgrounds. What is being termed as “BRIC wisdom” represents helping nations tackle tricky international relations through openness. This approach protects each member's dignity while maximizing benefits collaboratively amid starkly divided environments. BRICS leadership advocates for development goals globally as representatives of the Global South. The bloc also serves as a central hub for shaping future governance worldwide and enhancing collaboration with new regions like the Middle East to boost overall synergy in the energy and finance sectors. It helps members expand their influence and gain traction to maintain balance and improve the necessary regional dynamics. Members are able to more effectively address challenges through gradual revisions in practices by managing complexities for successful integration and harmonious compatibility. This cooperation supports shared aspirations based on unchanged principles focused solely on collective growth and united efforts in establishing centers for fostering stronger partnerships. So, Türkiye’s inclusion in this club would certainly be a win-win proposition.",26/10/2024 00:20,Daily Sabah,Turkey,Economic Dependency,Finance,Alarmist,Ethiopia,https://www.dailysabah.com/opinion/op-ed/in-unjust-world-order-turkiye-and-brics-align-naturally,4
"Türkiye wants to develop the country's cooperation with BRICS and will attend the summit on Wednesday at the invitation of Russian counterpart Vladimir Putin, Turkish President Recep Tayyip Erdogan has said. Erdogan's Tuesday remarks came as Russia prepares to host the Extended Leaders' Session from members and non-member nations of BRICS in Tatarstan's city of Kazan. ""BRICS countries, a significant portion of which are G20 members like Türkiye, comprise approximately 30 percent of the world's surface area and 45 percent of its population,"" Erdogan said. He noted that the BRICS nations represent 45 percent of the global population and produce 40 percent of the world's oil and handle 25 percent of global goods exports. ""As Türkiye, we sincerely seek to strengthen our cooperation with the BRICS,"" Erdogan said.",22/10/2024 23:34,TRT World,Turkey,Economic Impact,Diplomacy,Factual,Ethiopia,https://www.trtworld.com/turkiye/turkiye-seeks-stronger-ties-with-brics-erdogan-18223475,4
"Türkiye “sincerely” wants to improve its cooperation with the BRICS group, President Recep Tayyip Erdogan said on Tuesday. Speaking at a gathering of Justice and Development (AK) Party officials in the capital Ankara, Erdogan also said he believes the current BRICS summit in the Russian city of Kazan will be instrumental in enhancing Türkiye's cooperation with the bloc. The leaders of BRICS countries are arriving in Kazan to take part in the organization's summit on Tuesday, with as many as 22 heads of state and six heads of international organizations expected to attend. Attending as a guest, Erdogan is due to arrive on Wednesday. The three-day summit of BRICS includes longtime members Brazil, Russia, India, China, and South Africa – the source of the group's name – along with recent additions Egypt, Ethiopia, Iran, and the United Arab Emirates.",22/10/2024 17:04,Yeni Şafak,Turkey,Economic Impact,Diplomacy,Factual,Ethiopia,https://www.yenisafak.com/en/news/turkiye-sincerely-wants-to-improve-its-cooperation-with-brics-president-erdogan-3693238,4
"Türkiye 'sincerely' wants to improve its cooperation with BRICS: Erdoğan Türkiye ""sincerely"" wants to improve its cooperation with the BRICS group, President Recep Tayyip Erdoğan said on Tuesday. Speaking at a gathering of Justice and Development (AK) Party officials in the capital Ankara, Erdoğan also said he believes the current BRICS summit in the Russian city of Kazan will be instrumental in enhancing Türkiye's cooperation with the bloc. The leaders of BRICS countries are arriving in Kazan to take part in the organization's summit on Tuesday, with as many as 22 heads of state and six heads of international organizations expected to attend. Attending as a guest, Erdoğan is due to arrive on Wednesday. The three-day summit of BRICS includes longtime members Brazil, Russia, India, China, and South Africa -- the source of the group's name -- along with recent additions Egypt, Ethiopia, Iran, and the United Arab Emirates.",22/10/2024 16:36,A News,Turkey,Economic Dependency,Finance,Sensationalist,Ethiopia,https://www.anews.com.tr/world/2024/10/22/turkiye-sincerely-wants-to-improve-its-cooperation-with-brics-erdogan,4